hsk,word,pinyin,english,pos,notFound
1,一,,,,Covered in grammar 1.5.2: counting from 1 to 99.
2,一下,,,,
6,一丝不苟,,,,
6,一举两得,,,,
3,一会儿,,,,
3,一共,,,,
5,一再,,,,
4,一切,,,,
6,一向,,,,
6,一如既往,,,,
3,一定,,,,
6,一帆风顺,,,,
6,一度,,,,
5,一律,,,,
5,一旦,,,,
3,一样,,,,
6,一流,,,,
1,一点儿,,,,
6,一目了然,,,,
3,一直,,,,
5,一致,,,,
3,一般,,,,
6,一贯,,,,
2,一起,,,,
5,一辈子,,,,
3,一边,,,,
6,丁,,,,
1,七,,,,Covered in grammar 1.5.2: counting from 1 to 99.
3,万,,,,
5,万一,,,,
6,万分,,,,
2,丈夫,,,,
1,三,,,,Covered in grammar 1.5.2: counting from 1 to 99.
1,上,,,,
6,上任,,,,
1,上午,,,,
5,上当,,,,
6,上游,,,,
2,上班,,,,
6,上瘾,,,,
6,上级,,,,
3,上网,,,,
6,上进,,,,
1,下,,,,Covered as 下雨.
1,下午,,,,
6,下属,,,,
5,下载,,,,
1,下雨,,,,
1,不,,,,
4,不仅,,,,
3,不但……而且……,,,,
6,不像话,,,,
6,不免,,,,
6,不可思议,,,,
6,不堪,,,,
5,不如,,,,
6,不妨,,,,
5,不安,,,,
1,不客气,,,,
6,不屑一顾,,,,
4,不得不,,,,
5,不得了,,,,
6,不得已,,,,
6,不惜,,,,
6,不愧,,,,
6,不择手段,,,,
6,不敢当,,,,
6,不料,,,,
5,不断,,,,
6,不时,,,,
6,不止,,,,
5,不然,,,,
6,不由得,,,,
6,不相上下,,,,
6,不禁,,,,
4,不管,,,,
5,不耐烦,,,,
5,不要紧,,,,
5,不见得,,,,
6,不言而喻,,,,
5,不足,,,,
4,不过,,,,
6,不顾,,,,
4,与,,,,
5,与其,,,,
6,与日俱增,,,,
5,丑,chǒu ,ugly,,Covered as 丑（陋）.
6,丑恶,,,,
4,专业,,,,
6,专利,,,,
5,专家,,,,
5,专心,zhuānxīn ,"to concentrate, absorption, concentration, engrossed",,Referred to in HSK 5 lesson 21 （二）词语搭配.
6,专程,,,,
6,专长,,,,
4,专门,,,,
6,专题,,,,
6,世代,,,,
3,世界,,,,
4,世纪,,,,
6,丘陵,,,,
6,丙,,,,
5,业余,,,,
5,业务,,,,
6,丛,,,,
3,东,,,,
6,东张西望,,,,
1,东西,,,,
6,东道主,,,,
5,丝毫,,,,
5,丝绸,,,,
4,丢,,,,
6,丢三落四,,,,
6,丢人,,,,
2,两,,,,
6,严厉,,,,
6,严密,,,,
6,严寒,,,,
6,严峻,,,,
4,严格,,,,
6,严禁,,,,
5,严肃,,,,
4,严重,,,,
6,丧失,,,,
1,个,,,,
5,个人,,,,
6,个体,,,,
5,个别,,,,
3,个子,,,,
5,个性,,,,
5,中介,,,,
1,中午,,,,
1,中国,,,,
6,中央,,,,
5,中心,,,,
3,中文,,,,
6,中断,,,,
5,中旬,,,,
6,中立,,,,
3,中间,,,,
4,丰富,,,,
6,丰收,,,,
6,丰满,,,,
6,丰盛,,,,
6,串,,,,
6,临床,,,,
5,临时,,,,
6,丸,,,,
5,义务,,,,
3,为,,,,
3,为了,,,,
2,为什么,,,,
6,为期,,,,
6,为难,,,,
6,主义,,,,
5,主人,,,,
5,主任,,,,
6,主办,,,,
5,主动,,,,
6,主导,,,,
5,主席,,,,
5,主张,,,,
4,主意,,,,
5,主持,,,,
6,主权,zhǔquán ,sovereignty,,Not covered.
6,主流,,,,
6,主管,,,,
3,主要,,,,
5,主观,,,,
5,主题,,,,
4,举,,,,
6,举世瞩目,,,,
4,举办,,,,
6,举动,,,,
4,举行,,,,
6,举足轻重,,,,
3,久,,,,
4,之,,,,
6,之际,,,,
6,乌黑,,,,
5,乐器,,,,
6,乐意,,,,
5,乐观,,,,
6,乐谱,,,,
6,乐趣,,,,
4,乒乓球,,,,
5,乖,,,,
6,乘,,,,
4,乘坐,,,,
5,乙,,,,
1,九,,,,Covered in grammar 1.5.2: counting from 1 to 99.
6,乞丐,,,,
2,也,,,,
4,也许,,,,
6,习俗,,,,
3,习惯,,,,
1,书,,,,
5,书架,,,,
6,书法,,,,
6,书籍,,,,
6,书记,,,,
6,书面,,,,
1,买,,,,
4,乱,,,,
1,了,,,,
5,了不起,,,,
3,了解,,,,
6,争先恐后,,,,
5,争取,,,,
6,争夺,,,,
6,争气,,,,
6,争端,,,,
6,争议,,,,
5,争论,,,,
6,事业,,,,
6,事件,,,,
5,事先,,,,
6,事务,,,,
5,事实,,,,
6,事态,,,,
2,事情,,,,
6,事故,,,,
5,事物,,,,
6,事迹,,,,
6,事项,,,,
1,二,,,,Covered in grammar 1.5.2: counting from 1 to 99.
6,二氧化碳,,,,
4,于是,,,,
6,亏待,,,,
6,亏损,,,,
4,云,,,,
4,互相,,,,
4,互联网,,,,
1,五,,,,Covered in grammar 1.5.2: counting from 1 to 99.
6,井,,,,
6,亚军,,,,
4,亚洲,,,,
1,些,,,,
4,交,,,,
6,交代,,,,
6,交叉,,,,
5,交往,,,,
5,交换,,,,
6,交易,,,,
4,交流,,,,
6,交涉,,,,
4,交通,,,,
5,交际,,,,
6,亦,,,,
6,产业,,,,
5,产品,,,,
5,产生,,,,
5,享受,,,,
4,京剧,,,,
6,亭子,,,,
5,亮,,,,
5,亲切,,,,
6,亲密,,,,
4,亲戚,,,,
6,亲热,,,,
5,亲爱,,,,
5,亲自,,,,
1,人,,,,
6,人为,,,,
5,人事,,,,
5,人口,,,,
5,人员,,,,
6,人士,,,,
6,人家,,,,
6,人工,,,,
6,人性,,,,
5,人才,,,,
6,人格,,,,
5,人民币,rénmínbì ,"Renminbi (RMB), Chinese Yuan (CNY)",,Not covered.
5,人物,,,,
5,人生,,,,
5,人类,,,,
6,人质,,,,
6,人道,,,,
6,人间,,,,
5,亿,,,,
1,什么,,,,
6,仁慈,,,,
1,今天,,,,
2,介绍,,,,
6,仍旧,,,,
4,仍然,,,,
2,从,,,,
5,从事,,,,
5,从前,,,,
6,从容,,,,
4,从来,,,,
5,从此,,,,
5,从而,,,,
6,仓促,,,,
6,仓库,,,,
4,仔细,,,,
1,他,,,,
4,付款,,,,
6,代价,,,,
5,代替,,,,
6,代理,,,,
5,代表,,,,
4,以,,,,
4,以为,,,,
6,以便,,,,
6,以免,,,,
3,以前,,,,
5,以及,,,,
6,以往,,,,
5,以来,,,,
6,以至,,,,
6,以致,,,,
6,仪器,,,,
6,仪式,,,,
2,件,,,,
5,价值,,,,
4,价格,,,,
4,任何,,,,
4,任务,,,,
6,任命,,,,
6,任性,,,,
6,任意,,,,
6,任重道远,,,,
4,份,,,,
5,仿佛,,,,
5,企业,,,,
6,企图,,,,
2,休息,,,,
5,休闲,,,,
6,众所周知,,,,
6,优先,,,,
5,优势,,,,
6,优异,,,,
5,优惠,,,,
4,优点,,,,
4,优秀,,,,
5,优美,,,,
6,优胜劣汰,,,,
6,优越,,,,
5,伙伴,,,,
1,会,,,,
6,会晤,huìwù ,"to meet, meeting, conference",,Not covered.
5,会计,,,,
3,会议,,,,
3,伞,,,,
5,伟大,wěidà ,"great, mighty, large",,Referred to in HSK 5 lesson 10 application.
6,传单,,,,
6,传授,,,,
5,传播,chuánbō ,"to disseminate, to propagate, to spread",,Referred to in HSK 5 lesson 17 expansion.
5,传染,,,,
4,传真,,,,
5,传统,,,,
6,传记,,,,
5,传说,,,,
6,传达,,,,
5,伤害,,,,
4,伤心,,,,
6,伤脑筋,,,,
6,伪造,,,,
6,伯母,,,,
4,估计,,,,
6,伴侣,,,,
6,伴随,,,,
6,伶俐,,,,
5,伸,,,,
6,伺候,,,,
5,似乎,,,,
5,似的,,,,
3,位,,,,
5,位于,,,,
5,位置,,,,
4,低,,,,
1,住,,,,
6,住宅,,,,
5,体会,,,,
5,体现,,,,
6,体积,,,,
6,体系,,,,
3,体育,,,,
6,体裁,,,,
6,体谅,,,,
5,体贴,,,,
6,体面,,,,
5,体验,,,,
5,何况,,,,
5,何必,,,,
3,作业,,,,
5,作为,,,,
5,作品,,,,
4,作家,,,,
6,作废,,,,
6,作弊,zuòbì,to cheat on an exam or competition,,Not covered.
6,作息,,,,
5,作文,,,,
4,作用,,,,
4,作者,,,,
6,作风,,,,
1,你,,,,
5,佩服,,,,
6,佳肴,,,,
4,使,,,,
5,使劲儿,,,,
6,使命,,,,
4,使用,,,,
6,侃侃而谈,,,,
6,侄子,,,,
6,例外,,,,
4,例如,,,,
6,供不应求,,,,
6,供给,,,,
6,依托,,,,
6,依据,,,,
6,依旧,,,,
5,依然,,,,
6,依赖,,,,
6,依靠,,,,
6,侥幸,,,,
6,侦探,,,,
6,侧面,,,,
6,侮辱,,,,
6,侵犯,,,,
6,侵略,,,,
5,便,,,,
6,便于,,,,
6,便利,,,,
2,便宜,,,,
6,便条,,,,
5,促使,,,,
5,促进,,,,
6,俗话,,,,
6,俘虏,,,,
6,保养,,,,
6,保卫,,,,
6,保姆,,,,
5,保存,,,,
6,保守,,,,
6,保密,,,,
4,保护,,,,
5,保持,bǎochí ,"to keep, to maintain, to hold, to preserve",,Referred to in HSK 5 lesson 10 （二）词语搭配.
5,保留,,,,
6,保管,,,,
4,保证,,,,
6,保重,,,,
5,保险,,,,
6,保障,,,,
6,信仰,,,,
5,信任,,,,
5,信号,,,,
4,信封,,,,
4,信心,,,,
6,信念,,,,
4,信息,,,,
3,信用卡,,,,
6,信誉,,,,
6,信赖,,,,
4,俩,,,,
6,修养,,,,
6,修复,,,,
6,修建,,,,
5,修改,,,,
4,修理,,,,
6,俯视,,,,
5,俱乐部,,,,
4,倍,,,,
4,倒,,,,
6,倒闭,,,,
5,倒霉,,,,
6,倔强,,,,
6,倘若,,,,
6,候选,,,,
3,借,,,,
6,借助,,,,
5,借口,,,,
6,借鉴,,,,
6,倡导,,,,
6,倡议,,,,
6,债券,,,,
4,值得,,,,
6,值班,,,,
6,倾向,,,,
6,倾听,,,,
6,倾斜,,,,
4,假,,,,
5,假如,,,,
5,假装,jiǎzhuāng ,"to feign, to pretend",,Not covered.
5,假设,,,,
6,偏偏,,,,
6,偏僻,,,,
6,偏差,,,,
6,偏见,,,,
1,做,,,,
6,做主,,,,
4,停,,,,
6,停泊,,,,
6,停滞,,,,
6,停顿,,,,
6,健全,,,,
3,健康,,,,
5,健身,,,,
6,偶像,,,,
4,偶尔,,,,
5,偶然,,,,
5,偷,,,,
6,偿还,,,,
5,傍晚,,,,
6,储备,,,,
6,储存,,,,
6,储蓄,,,,
5,催,,,,
5,傻,,,,
3,像,,,,
6,僵硬,,,,
6,儒家,,,,
1,儿子,,,,
4,儿童,,,,
4,允许,,,,
3,元,,,,
6,元宵节,,,,
5,元旦,,,,
6,元素,,,,
6,元首,,,,
5,兄弟,,,,
5,充分,,,,
6,充实,,,,
6,充当,,,,
6,充沛,,,,
5,充满,,,,
5,充电器,,,,
6,充足,,,,
3,先,,,,
6,先前,,,,
1,先生,,,,
6,先进,,,,
4,光,,,,
5,光临,,,,
6,光彩,,,,
5,光明,,,,
5,光滑,,,,
5,光盘,,,,
6,光芒,,,,
6,光荣,,,,
6,光辉,,,,
5,克,,,,
6,克制,,,,
5,克服,,,,
6,免得,,,,
6,免疫,,,,
4,免费,,,,
5,兑换,,,,
6,兑现,,,,
5,兔子,,,,
6,党,,,,
6,兜,,,,
6,兢兢业业,,,,
4,入口,,,,
6,全力以赴,,,,
6,全局,,,,
4,全部,,,,
5,全面,,,,
1,八,,,,Covered in grammar 1.5.2: counting from 1 to 99.
5,公主,,,,
5,公元,,,,
2,公共汽车,,,,
6,公关,,,,
6,公务,,,,
2,公司,,,,
6,公告,,,,
3,公园,,,,
6,公安局,,,,
5,公寓,,,,
5,公布,,,,
5,公平,,,,
5,公开,,,,
6,公式,,,,
3,公斤,,,,
6,公正,,,,
6,公民,,,,
6,公然,,,,
6,公认,,,,
6,公证,,,,
6,公道,,,,
4,公里,,,,
1,六,,,,Covered in grammar 1.5.2: counting from 1 to 99.
4,共同,,,,
6,共和国,,,,
6,共计,,,,
6,共鸣,,,,
3,关,,,,
3,关于,,,,
3,关心,,,,
6,关怀,,,,
6,关照,,,,
3,关系,,,,
4,关键,,,,
5,关闭,,,,
4,兴奋,,,,
6,兴旺,,,,
6,兴致勃勃,,,,
6,兴隆,,,,
6,兴高采烈,,,,
4,其中,,,,
3,其他,,,,
5,其余,,,,
3,其实,,,,
4,其次,,,,
5,具体,,,,
5,具备,,,,
6,典型,,,,
6,典礼,,,,
4,养成,,,,
5,兼职,,,,
4,内,,,,
6,内在,,,,
4,内容,,,,
6,内幕,,,,
6,内涵,,,,
5,内科,,,,
5,内部,,,,
5,册,,,,
2,再,,,,
5,再三,,,,
6,再接再厉,,,,
1,再见,,,,
6,冒充,,,,
6,冒犯,,,,
5,冒险,,,,
2,最,,,,
5,最初,,,,
3,最后,,,,
4,最好,,,,
3,最近,,,,
1,写,,,,
5,写作,,,,
5,军事,,,,
6,军队,,,,
5,农业,,,,
6,农历,,,,
5,农村,,,,
5,农民,,,,
5,冠军,,,,
6,冤枉,,,,
3,冬,,,,Covered as 冬（天）.
5,冰激凌,,,,
3,冰箱,,,,
6,冰雹,,,,
5,冲,,,,
6,冲击,,,,
6,冲动,,,,
6,冲突,,,,
3,决定,,,,
5,决心,,,,
6,决策,,,,
5,决赛,,,,
6,况且,,,,
1,冷,,,,
6,冷却,,,,
5,冷淡,,,,
6,冷落,,,,
6,冷酷,,,,
4,冷静,,,,
5,冻,,,,
6,冻结,,,,
6,凄凉,,,,
6,准则,,,,
2,准备,,,,
4,准时,,,,
4,准确,,,,
4,凉快,,,,
6,凌晨,,,,
4,减少,,,,
4,减肥,,,,
6,凑合,,,,
6,凝固,,,,
6,凝视,,,,
6,凝聚,,,,
1,几,,,,
3,几乎,,,,
6,凡是,,,,
5,凭,,,,
6,凶恶,,,,
6,凶手,,,,
6,凹凸,,,,
2,出,,,,
6,出卖,,,,
4,出发,,,,
5,出口,,,,
4,出差,,,,
5,出席,,,,
6,出息,,,,
5,出版,,,,
4,出现,,,,
4,出生,,,,
5,出示,,,,
6,出神,,,,
1,出租车,,,,
5,出色,,,,
6,出路,,,,
6,出身,,,,
4,刀,,,,
3,分,,,,
5,分别,,,,
6,分寸,,,,
5,分布,,,,
5,分手,,,,
6,分散,,,,
6,分明,,,,
5,分析,,,,
6,分歧,,,,
6,分泌,,,,
6,分红,,,,
6,分裂,,,,
6,分解,,,,
6,分辨,,,,
5,分配,,,,
6,分量,,,,
1,分钟,,,,
5,切,,,,
6,切实,,,,
6,刊物,,,,
6,刊登,,,,
6,刑事,,,,
5,划,huà ,"to row, to paddle, profitable, worth (the effort), it pays (to do sth)",,Not covered.
6,划分,,,,
6,列举,,,,
5,列车,,,,
5,则,,,,
4,刚,,,,
3,刚才,,,,
6,创业,,,,
6,创作,,,,
6,创新,,,,
6,创立,,,,
5,创造,,,,
6,初步,,,,
5,初级,chūjí ,"junior, primary",,Not covered.
5,删除,,,,
6,判决,,,,
4,判断,,,,
6,利害,,,,
5,利息,,,,
5,利润,,,,
5,利用,,,,
5,利益,,,,
2,别,,,,
3,别人,,,,
6,别墅,,,,
6,别扭,,,,
6,别致,,,,
3,刮风,,,,
2,到,,,,
4,到处,,,,
4,到底,,,,
5,到达,,,,
5,制作,,,,
5,制定,,,,
5,制度,,,,
6,制服,,,,
6,制止,,,,
6,制约,,,,
6,制裁,,,,
5,制造,,,,
3,刷牙,,,,
6,刹车,,,,
6,刹那,,,,
6,刺,,,,
5,刺激,,,,
3,刻,,,,
6,刻不容缓,,,,
5,刻苦,,,,
6,削,,,,
6,削弱,,,,
6,前提,,,,
6,前景,,,,
5,前途,,,,
1,前面,,,,
6,剑,,,,
6,剥削,,,,
6,剧本,,,,
6,剧烈,,,,
5,剪刀,,,,
6,剪彩,,,,
6,副,,,,
4,剩,,,,
6,割,,,,
6,劈,,,,
6,力争,,,,
6,力所能及,,,,
4,力气,,,,
6,力求,,,,
5,力量,,,,
5,劝,,,,
3,办公室,,,,
3,办法,,,,
5,办理,,,,
6,功劳,,,,
4,功夫,,,,
6,功效,,,,
5,功能,,,,
6,加剧,,,,
6,加工,,,,
4,加油站,,,,
4,加班,,,,
6,务必,,,,
4,动作,,,,
6,动力,,,,
6,动员,,,,
6,动态,,,,
6,动手,,,,
6,动机,,,,
3,动物,,,,
5,动画片,,,,
6,动脉,,,,
6,动荡,,,,
6,动身,,,,
6,动静,,,,
6,助手,,,,
6,助理,,,,
3,努力,,,,
5,劳动,,,,
5,劳驾,,,,
6,势力,,,,
6,势必,,,,
6,勇于,,,,
4,勇敢,,,,
5,勇气,,,,
6,勉励,,,,
6,勉强,,,,
6,勘探,,,,
6,勤俭,,,,
6,勤劳,,,,
5,勤奋,,,,
4,勺子,,,,Covered as 勺（子）.
6,勾结,,,,
5,勿,,,,
3,包,,,,
5,包含,,,,
6,包围,,,,
4,包子,,,,
6,包庇,,,,
5,包括,,,,
6,包袱,,,,
6,包装,,,,
5,包裹,,,,
5,匆忙,cōngmáng ,"hasty, hurried",,Not covered.
6,化妆,,,,
5,化学,,,,
6,化石,,,,
6,化肥,,,,
6,化验,,,,
1,北京,,,,
3,北方,,,,Covered as 北（方）.
6,北极,,,,
5,匹,,,,
6,区分,,,,
4,区别,,,,
6,区域,,,,
1,医生,,,,
1,医院,,,,
1,十,,,,Covered in grammar 1.5.2: counting from 1 to 99.
4,十分,,,,
6,十足,,,,
2,千,,,,
4,千万,,,,
6,千方百计,,,,
5,升,,,,
3,半,,,,
6,半途而废,,,,
6,华丽,,,,
6,华侨,,,,
5,华裔,,,,
6,协会,,,,
6,协助,,,,
6,协商,,,,
6,协议,,,,
6,协调,,,,
6,卑鄙,,,,
6,卓越,,,,
5,单位,,,,
5,单元,,,,
5,单独,,,,
5,单纯,,,,
5,单调,,,,
2,卖,,,,Referred to in HSK 2 lesson 11 dialog 3 as “怎么卖.”
3,南,,,,Covered as 南（方）.
6,南辕北辙,,,,
4,博士,,,,
6,博大精深,,,,
5,博物馆,,,,
6,博览会,,,,
5,占,,,,
6,占据,,,,
4,占线,,,,
6,占领,,,,
5,卡车,,,,
6,卡通,,,,
5,卧室,,,,
6,卫星,,,,
4,卫生间,,,,
5,印刷,,,,
4,印象,,,,
5,危害,,,,
6,危机,,,,
4,危险,,,,
4,即使,,,,
6,即便,,,,
6,即将,,,,
4,却,,,,
6,卷,,,,
6,历代,,,,
3,历史,,,,
6,历来,,,,
4,厉害,,,,
6,压制,,,,
4,压力,,,,
6,压岁钱,,,,
6,压抑,,,,
6,压榨,,,,
6,压缩,,,,
6,压迫,,,,
6,厌恶,,,,
4,厕所,,,,
5,厘米,,,,
4,厚,,,,
6,原先,,,,
5,原则,,,,
6,原告,,,,
4,原因,,,,
6,原始,,,,
5,原料,,,,
4,原来,,,,
6,原理,,,,
4,原谅,,,,
4,厨房,,,,
1,去,,,,
5,去世,,,,
2,去年,,,,
5,县,,,,
5,参与,,,,
3,参加,,,,
6,参照,,,,
5,参考,,,,
4,参观,,,,
6,参谋,,,,
3,又,,,,
5,叉子,,,,
6,及早,,,,
4,及时,,,,
5,及格,,,,
4,友好,,,,
4,友谊,,,,
3,双,,,,
5,双方,shuāngfāng ,"bilateral, both sides, both parties involved",,Not covered.
6,双胞胎,,,,
6,反之,,,,
5,反复,,,,
4,反对,,,,
6,反射,,,,
6,反常,,,,
5,反应,,,,
6,反思,,,,
6,反感,,,,
6,反抗,,,,
5,反映,,,,
5,反正,,,,
5,反而,,,,
6,反问,,,,
6,反面,,,,
6,反馈,,,,
6,反驳,,,,
3,发,,,,
6,发动,,,,
6,发呆,,,,
6,发射,,,,
4,发展,,,,
6,发布,,,,
5,发愁,,,,
6,发扬,,,,
5,发抖,,,,
5,发挥,,,,
5,发明,,,,
6,发炎,,,,
3,发烧,,,,
3,发现,,,,
4,发生,,,,
5,发票,,,,
6,发育,,,,
6,发行,,,,
5,发表,,,,
6,发觉,,,,
5,发言,,,,
6,发誓,,,,
6,发财,,,,
5,发达,,,,
3,叔叔,,,,
4,取,,,,
5,取消,,,,
6,取缔,,,,
4,受不了,,,,
5,受伤,,,,
4,受到,,,,Covered as 受.
6,受罪,,,,
3,变化,,,,
6,变故,,,,
6,变质,,,,
6,变迁,,,,
5,叙述,,,,
3,口,,,,
5,口味,,,,
6,口头,,,,
6,口气,,,,
6,口腔,,,,
6,口音,,,,
5,古代,,,,
5,古典,,,,
6,古怪,,,,
6,古董,,,,
3,句子,,,,
4,另外,,,,
3,只,,,副词,
3,只,,,量词,
4,只好,,,,
3,只有……才……,,,,
4,只要,,,,
1,叫,,,,
5,召开,,,,
6,叮嘱,,,,
2,可以,,,,
6,可口,,,,
5,可怕,,,,
4,可怜,,,,
6,可恶,,,,
4,可惜,,,,
4,可是,,,,
3,可爱,,,,
2,可能,,,,
6,可行,,,,
5,可见,,,,
6,可观,,,,
5,可靠,,,,
4,台,,,,
5,台阶,,,,
6,台风,,,,
2,右边,,,,
4,叶子,,,,
1,号,,,,
6,号召,,,,
4,号码,,,,
6,司令,,,,
3,司机,,,,
6,司法,,,,
6,叹气,,,,
6,叼,,,,
1,吃,,,,
5,吃亏,,,,
6,吃力,,,,
4,吃惊,,,,
6,吃苦,,,,
4,各,,,,
6,各抒己见,,,,
5,各自,,,,
6,合伙,,,,
5,合作,,,,
5,合同,,,,
6,合并,,,,
5,合影,,,,
6,合成,,,,
4,合格,,,,
5,合法,,,,
5,合理,,,,
6,合算,,,,
4,合适,,,,
6,吉祥,,,,
6,吊,,,,
3,同事,,,,
1,同学,,,,
6,同志,,,,
4,同情,,,,
3,同意,,,,
4,同时,,,,
6,同胞,,,,
6,名副其实,,,,
1,名字,,,,
6,名次,,,,
5,名片,,,,
5,名牌,,,,
5,名胜古迹,,,,
6,名誉,,,,
6,名额,,,,
6,后代,,,,
6,后勤,,,,
4,后悔,,,,
3,后来,,,,
5,后果,,,,
5,后背,,,,
1,后面,,,,
6,后顾之忧,,,,
5,吐,,,,
3,向,,,,
6,向导,,,,
6,向往,,,,
6,向来,,,,
5,吓,,,,
1,吗,,,,
6,君子,,,,
6,吝啬,,,,
6,吞吞吐吐,,,,
6,否决,,,,
4,否则,,,,
5,否定,,,,
5,否认,,,,
2,吧,,,,
5,吨,,,,
6,吩咐,,,,
6,含义,,,,
6,含糊,,,,
1,听,,,,
6,启事,,,,
5,启发,,,,
6,启示,,,,
6,启程,,,,
6,启蒙,,,,
5,吵,,,,
5,吵架,,,,
5,吸取,,,,
4,吸引,,,,
5,吸收,,,,
5,吹,,,,
6,吹捧,,,,
6,吹牛,,,,
5,吻,,,,
6,吼,,,,
4,呀,,,,
5,呆,,,,
6,呈现,,,,
5,告别,,,,
2,告诉,,,,
6,告诫,,,,
6,告辞,,,,
6,呕吐,,,,
5,员工,,,,
1,呢,,,,
5,周到,,,,
4,周围,,,,
6,周密,,,,
6,周年,,,,
6,周折,,,,
6,周期,,,,
3,周末,,,,
6,周转,,,,
6,周边,,,,
4,味道,,,,
6,呵,,,,
6,呻吟,,,,
6,呼吁,,,,
5,呼吸,,,,
6,呼唤,,,,
6,呼啸,,,,
5,命令,,,,
6,命名,,,,
5,命运,,,,
6,咀嚼,,,,
6,咋,,,,
1,和,,,,
5,和平,,,,
6,和气,,,,
6,和睦,,,,
6,和蔼,,,,
6,和解,,,,
6,和谐,,,,
2,咖啡,,,,
5,咨询,,,,
5,咬,,,,
4,咱们,,,,
4,咳嗽,,,,
4,咸,,,,
6,品尝,,,,
6,品德,,,,
6,品种,,,,
6,品质,,,,
6,哄,,,,
6,哆嗦,,,,
6,哇,,,,
5,哈,,,,
4,响,,,,
6,响亮,,,,
6,响应,,,,
5,哎,,,,
2,哥哥,,,,
6,哦,,,,
6,哨,,,,
1,哪,,,,
1,哪儿,,,,
5,哪怕,,,,
3,哭,,,,
6,哭泣,,,,
5,哲学,,,,
6,哺乳,,,,
6,哼,,,,
5,唉,,,,
6,唠叨,,,,
4,售货员,,,,
5,唯一,,,,
6,唯独,,,,
2,唱歌,,,,
6,唾弃,,,,
6,啃,,,,
5,商业,,,,
5,商务,,,,
5,商品,,,,
1,商店,,,,
6,商标,,,,
4,商量,,,,
3,啊,,,,
3,啤酒,,,,
6,啥,,,,
6,啦,,,,
6,啰唆,,,,
1,喂,,,叹词,
6,喂,,,动词,
5,善于,,,,
5,善良,,,,
6,喇叭,,,,
6,喉咙,,,,
5,喊,,,,
6,喘气,,,,
6,喜悦,,,,
1,喜欢,,,,
6,喜闻乐见,,,,
1,喝,,,,
6,喧哗,,,,
6,嗅觉,,,,
5,嗓子,,,,
6,嗨,,,,
5,嗯,,,,
6,嘈杂,,,,
5,嘉宾,,,,
6,嘛,,,,
6,嘱咐,,,,
6,嘲笑,,,,
3,嘴,,,,
6,嘴唇,,,,
6,嘿,,,,
6,器官,,,,
6,器材,,,,
6,噪音,,,,
6,嚷,,,,
1,四,,,,Covered in grammar 1.5.2: counting from 1 to 99.
6,四肢,,,,
1,回,,,,
4,回忆,,,,
6,回报,,,,
6,回收,,,,
3,回答,,,,
6,回避,,,,
6,回顾,,,,
2,因为……所以……,,,,Covered as 因为 and 所以 separately.
4,因此,,,,
5,因素,,,,
5,因而,,,,
5,团,,,,
6,团体,,,,
6,团圆,,,,
6,团结,,,,
6,园林,,,,
4,困,,,,
4,困难,,,,
5,围巾,,,,
5,围绕,,,,
6,固体,,,,
5,固定,,,,
6,固执,,,,
6,固有,,,,
6,固然,,,,
6,国务院,Guówùyuàn ,"State Council (PRC), State Department (USA)",,Not covered.
3,国家,,,,
5,国庆节,,,,
5,国王,,,,
4,国籍,,,,
6,国防,guófáng ,national defense,,Not covered.
4,国际,,,,
3,图书馆,,,,
6,图案,,,,
5,圆,,,,
6,圆满,,,,
5,圈,,,,
6,圈套,,,,
5,土地,,,,
6,土壤,,,,
5,土豆,,,,
1,在,,,,
5,在乎,,,,
5,在于,,,,
6,在意,,,,
3,地,,,助词,
5,地位,,,,
6,地势,,,,
5,地区,,,,
3,地图,,,,
4,地址,,,,
3,地方,,,,
6,地步,,,,
5,地毯,,,,
4,地点,,,,
4,地球,,,,
5,地理,,,,
6,地质,,,,
5,地道,,,,
3,地铁,,,,
5,地震,,,,
4,场,,,,
6,场合,,,,
6,场所,,,,
6,场面,,,,
5,均匀,,,,
3,坏,,,,
1,坐,,,,
6,坑,,,,
1,块,,,,
5,坚决,,,,
6,坚固,,,,
6,坚定,,,,
6,坚实,,,,
5,坚强,jiānqiáng ,"staunch, strong",,Not covered.
4,坚持,,,,
6,坚硬,,,,
6,坚韧,,,,
6,坟墓,,,,
6,坠,,,,
6,坡,,,,
5,坦率,,,,
6,坦白,,,,
6,垂直,,,,
4,垃圾桶,,,,
6,垄断,,,,
6,垫,,,,
6,城堡,,,,
3,城市,,,,
6,埋伏,,,,
6,埋怨,,,,
6,埋没,,,,
6,埋葬,,,,
5,培养,,,,
6,培育,,,,
5,培训,,,,
6,基因,,,,
6,基地,,,,
5,基本,,,,
4,基础,,,,
6,基金,,,,
5,堆,,,,
6,堆积,,,,
6,堕落,,,,
6,堤坝,,,,
6,堵塞,,,,
4,堵车,,,,
6,塌,,,,
4,塑料袋,,,,
6,塑造,,,,
6,塔,,,,
4,填空,,,,
6,境界,,,,
5,墙,,,,
4,增加,,,,
6,增添,,,,
5,士兵,,,,
6,壮丽,,,,
6,壮烈,,,,
6,壮观,,,,
6,声势,,,,
6,声明,,,,
6,声誉,,,,
5,声调,,,,
3,声音,,,,
5,壶,,,,
6,处分,,,,
6,处境,,,,
5,处理,,,,
6,处置,,,,
6,备份,,,,
6,备忘录,,,,
3,复习,,,,
6,复兴,,,,
5,复制,,,,
4,复印,,,,
4,复杂,,,,
6,复活,,,,
3,夏,,,,Covered as 夏（天）.
5,夏令营,,,,
6,夕阳,,,,
2,外,,,,
5,外交,,,,
5,外公,,,,
6,外向,,,,
6,外界,,,,
6,外行,,,,
6,外表,,,,
1,多,,,,
3,多么,,,,
5,多亏,,,,
5,多余,duōyú ,"superfluous, unnecessary, surplus",,Not covered.
6,多元化,,,,
1,多少,,,,
5,夜,,,,
4,够,,,,
1,大,,,,
6,大不了,,,,
6,大伙儿,,,,
6,大体,,,,
4,大使馆,,,,
5,大厦,,,,
5,大型,,,,
4,大夫,,,,
2,大家,,,,
6,大意,,,,
5,大方,,,,
4,大概,,,,
4,大约,,,,
6,大肆,,,,
6,大臣,,,,
6,大致,,,,
5,大象,,,,
6,天伦之乐,,,,
6,天堂,,,,
6,天才,,,,
6,天文,,,,
1,天气,,,,
6,天然气,,,,
6,天生,,,,
5,天真,,,,
5,天空,,,,
6,天赋,,,,
1,太,,,,
5,太太,,,,
5,太极拳,,,,
6,太空,,,,
3,太阳,,,,
6,夫人,,,,
6,夫妇,,,,
5,失业,,,,
6,失事,,,,
5,失去,,,,
4,失望,,,,
5,失眠,,,,
6,失误,,,,
4,失败,,,,
6,失踪,,,,
3,头发,,,,
5,夸,,,,
5,夸张,,,,
5,夹子,,,,
6,夹杂,,,,
6,奇妙,,,,
3,奇怪,,,,
5,奇迹,,,,
6,奉献,,,,
5,奋斗,,,,
6,奔波,,,,
6,奔驰,,,,
6,奖励,,,,
6,奖赏,,,,
4,奖金,,,,
5,套,,,,
6,奠定,,,,
6,奢侈,,,,
6,奥秘,,,,
2,女,,,,
1,女儿,,,,
5,女士,,,,
6,奴隶,,,,
3,奶奶,,,,
1,她,,,,
1,好,,,,
4,好像,,,,
2,好吃,,,,
4,好处,,,,
5,好奇,,,,
5,好客,,,,
5,如今,,,,
5,如何,,,,
3,如果,,,,
6,妄想,,,,
5,妇女,,,,
1,妈妈,,,,
6,妥协,,,,
6,妥善,,,,
6,妥当,,,,
5,妨碍,,,,
2,妹妹,,,,
2,妻子,,,,
5,始终,,,,
2,姐姐,,,,
6,姑且,,,,
5,姑姑,,,,
5,姑娘,,,,
2,姓,,,,
6,委员,,,,
5,委屈,,,,
6,委托,,,,
5,姥姥,,,,
5,姿势,,,,
6,姿态,,,,
6,威信,,,,
6,威力,,,,
6,威望,,,,
5,威胁,,,,
6,威风,,,,
6,娃娃,,,,
6,娇气,,,,
5,娱乐,,,,
5,娶,,,,
5,婚姻,,,,
5,婚礼,,,,
6,婴儿,,,,
6,媒介,,,,
5,媒体,,,,
6,媳妇,,,,
5,嫁,,,,
6,嫂子,,,,
6,嫉妒,,,,
6,嫌,,,,
6,嫌疑,,,,
5,嫩,,,,
6,子弹,,,,
6,孔,,,,
6,孕育,,,,
1,字,,,,
5,字幕,,,,
5,字母,,,,
4,存,,,,
5,存在,,,,
4,孙子,,,,
5,孝顺,,,,
6,季军,,,,
6,季度,,,,
3,季节,,,,
6,孤独,,,,
6,孤立,,,,
1,学习,,,,
6,学位,,,,
5,学历,,,,
4,学期,,,,
5,学术,,,,
1,学校,,,,
1,学生,,,,
6,学说,,,,
5,学问,,,,
2,孩子,,,,
5,宁可,,,,
6,宁愿,,,,
6,宁肯,,,,
2,它,,,,
6,宇宙,,,,
6,守护,,,,
4,安全,,,,
6,安宁,,,,
5,安慰,,,,
4,安排,,,,
6,安置,,,,
5,安装,,,,
6,安详,,,,
3,安静,,,,
2,完,,,,
4,完全,,,,
5,完善,,,,
6,完备,,,,
3,完成,,,,
5,完整,,,,
6,完毕,,,,
5,完美,,,,
6,宏伟,,,,
6,宏观,,,,
6,宗教,,,,
6,宗旨,,,,
5,官,,,,
6,官方,,,,
6,定义,,,,
6,定期,,,,
5,宝贝,,,,
5,宝贵,,,,
5,实习,,,,
6,实事求是,,,,
6,实力,,,,
4,实在,,,,
6,实惠,,,,
6,实施,,,,
5,实现,,,,
5,实用,,,,
6,实行,,,,
5,实话,,,,
6,实质,,,,
5,实践,,,,
4,实际,,,,
5,实验,,,,
5,宠物,,,,
6,审判,shěnpàn ,"a trial, to try sb",,Not covered.
6,审查,,,,
6,审理,shěnlǐ ,to hear (a case),,Not covered.
6,审美,,,,
3,客人,,,,
4,客厅,,,,
6,客户,,,,
5,客观,,,,
5,宣传,,,,
5,宣布,,,,
6,宣扬,,,,
6,宣誓,,,,
6,宪法,,,,
6,宫殿,,,,
6,宰,,,,
3,害怕,,,,
4,害羞,,,,
5,宴会,,,,
1,家,,,,
6,家伙,,,,
4,家具,,,,
5,家务,,,,
6,家喻户晓,,,,
6,家属,,,,
6,家常,,,,
5,家乡,,,,
5,家庭,,,,
6,容器,,,,
6,容忍,,,,
3,容易,,,,
6,容纳,,,,
6,容貌,,,,
5,宽,,,,
6,宽容,,,,
6,宽敞,,,,
2,宾馆,,,,
5,宿舍,,,,
5,寂寞,,,,
6,寂静,,,,
4,寄,,,,
6,寄托,,,,
5,密切,,,,
6,密封,,,,
6,密度,,,,
4,密码,,,,
4,富,,,,
6,富裕,,,,
4,寒假,,,,
6,寒暄,,,,
6,寓言,,,,
2,对,,,介词,
2,对,,,形容词,
1,对不起,,,,
4,对于,,,,
6,对付,,,,
6,对应,,,,
5,对待,,,,
5,对手,,,,
6,对抗,,,,
5,对方,,,,
5,对比,,,,
6,对照,,,,
6,对称,,,,
6,对立,,,,
6,对策,,,,
6,对联,,,,
4,对话,,,,
5,对象,,,,
4,对面,,,,
6,寺庙,,,,
5,寻找,,,,
6,寻觅,,,,
6,导向,,,,
6,导弹,,,,
4,导游,,,,
5,导演,,,,
5,导致,,,,
6,导航,,,,
5,寿命,,,,
6,封建,,,,
6,封锁,,,,
6,封闭,,,,
6,将军,,,,
6,将就,,,,
4,将来,,,,
6,将近,,,,
5,射击,,,,
6,尊严,,,,
5,尊敬,,,,
4,尊重,,,,
1,小,,,,
4,小伙子,,,,
4,小吃,,,,
1,小姐,,,,
3,小心,,,,
6,小心翼翼,,,,
2,小时,,,,
5,小气,,,,
4,小说,,,,
5,小麦,,,,
1,少,,,,
6,尖端,,,,
6,尖锐,,,,
6,尚且,,,,
4,尝,,,,
6,尝试,,,,
4,尤其,,,,
2,就,,,,
6,就业,,,,
6,就职,,,,
6,就近,,,,
6,尴尬,,,,
6,尸体,,,,
5,尺子,,,,
5,尽力,,,,
5,尽快,,,,
4,尽管,,,,
5,尽量,,,,
5,尾巴,,,,
6,局势,,,,
6,局部,,,,
6,局限,,,,
6,局面,,,,
6,屁股,,,,
3,层,,,,
6,层出不穷,,,,
6,层次,,,,
6,居住,,,,
6,居民,,,,
5,居然,,,,
6,屈服,,,,
5,届,,,,
5,屋子,,,,
6,屏幕,,,,
6,屏障,,,,
6,屑,,,,
5,展开,,,,
6,展望,,,,
6,展现,,,,
6,展示,,,,
5,展览,,,,
5,属于,,,,
6,屡次,,,,
6,履行,,,,
6,山脉,,,,
1,岁,,,,
6,岁月,,,,
6,岂有此理,,,,
6,岔,,,,
6,岗位,,,,
5,岛屿,,,,
6,岩石,,,,
6,岳母,,,,
5,岸,,,,
6,峡谷,,,,
6,崇拜,,,,
6,崇敬,,,,
6,崇高,,,,
6,崩溃,,,,
6,崭新,,,,
6,川流不息,,,,
6,州,,,,
6,巢穴,,,,
5,工业,,,,
5,工人,,,,
1,工作,,,,
5,工具,,,,
5,工厂,,,,
5,工程师,,,,
6,工艺品,,,,
4,工资,,,,
4,左右,,,,
2,左边,,,,
4,巧克力,,,,
5,巧妙,,,,
5,巨大,,,,
6,巩固,,,,
3,差,,,,
4,差不多,,,,
6,差别,,,,
5,差距,,,,
2,已经,,,,
6,巴不得,,,,
6,巴结,,,,
6,巷,,,,
5,市场,,,,
5,布,,,,
6,布告,,,,
6,布局,,,,
6,布置,,,,
4,帅,,,,
4,师傅,,,,
6,师范,,,,
2,希望,,,,
6,帐篷,,,,
3,带,,,,
6,带领,,,,
2,帮助,,,,
3,帮忙,,,,
5,常识,,,,
3,帽子,,,,
5,幅,,,,
6,幅度,,,,
6,幢,,,,
4,干,,,,
3,干净,,,,
6,干劲,,,,
6,干扰,,,,
6,干旱,,,,
4,干杯,,,,
5,干活儿,,,,
6,干涉,,,,
5,干燥,,,,
5,干脆,,,,
6,干预,,,,
5,平,,,,
6,平凡,,,,
6,平原,,,,
5,平均,,,,
6,平坦,,,,
5,平安,,,,
5,平常,,,,
6,平庸,,,,
5,平方,,,,
4,平时,,,,
5,平等,,,,
6,平行,,,,
5,平衡,,,,
5,平静,,,,
6,平面,,,,
1,年,,,,
5,年代,,,,
6,年度,,,,
3,年级,,,,
5,年纪,,,,
3,年轻,,,,
4,年龄,,,,
4,并且,,,,
6,并列,,,,
6,并非,,,,
5,幸亏,,,,
4,幸福,,,,
5,幸运,,,,
6,乡镇,,,,
5,幻想,,,,
5,幼儿园,,,,
6,幼稚,,,,
4,幽默,,,,
4,广告,,,,
5,广场,,,,
5,广大,,,,
4,广播,,,,
5,广泛,,,,
6,广阔,,,,
6,庄严,,,,
6,庄稼,,,,
6,庄重,,,,
5,庆祝,,,,
6,床单,,,,
6,序言,,,,
5,应付,,,,
5,应用,,,,
4,应聘,,,,
3,应该,,,,
6,应邀,,,,
6,应酬,,,,
4,底,,,,
6,庞大,,,,
6,废墟,,,,
6,废寝忘食,,,,
5,废话,,,,
6,废除,,,,
5,度过,,,,
4,座,,,,
4,座位,,,,
6,座右铭,,,,
6,庸俗,,,,
6,廉洁,,,,
6,延伸,,,,
6,延期,,,,
6,延续,,,,
5,延长,,,,
5,建立,,,,
5,建筑,,,,
4,建议,,,,
5,建设,,,,
1,开,,,,
5,开发,,,,
2,开始,,,,
6,开展,,,,
5,开幕式,,,,
4,开心,,,,
6,开拓,,,,
6,开支,,,,
5,开放,,,,
6,开明,,,,
6,开朗,,,,
5,开水,,,,
4,开玩笑,,,,
6,开辟,,,,
6,开采,,,,
6,开阔,,,,
6,开除,,,,
6,异常,,,,
4,弄,,,,
6,弊病,,,,
6,弊端,,,,
6,引导,,,,
6,引擎,,,,
6,引用,,,,
4,引起,,,,
2,弟弟,,,,
3,张,,,,
6,弥漫,,,,
6,弥补,,,,
6,弦,,,,
5,弱,,,,
6,弱点,,,,
6,弹性,,,,
4,弹钢琴,,,,
6,强制,,,,
5,强烈,,,,
5,强调,,,,
6,强迫,,,,
6,归根到底,,,,
5,归纳,,,,
6,归还,,,,
4,当,,,,
6,当事人,,,,
6,当代,,,,
6,当初,,,,
6,当前,,,,
6,当务之急,,,,
5,当地,,,,
6,当场,,,,
5,当心,,,,
4,当时,,,,
3,当然,,,,
6,当选,,,,
6,当面,,,,
5,录取,,,,
5,录音,,,,
5,形势,,,,
5,形容,,,,
5,形式,,,,
6,形态,,,,
5,形成,,,,
5,形状,,,,
5,形象,,,,
6,彩票,,,,
5,彩虹,,,,
3,影响,,,,
5,影子,,,,
5,彻底,,,,
5,彼此,,,,
2,往,,,,
6,往事,,,,
6,往常,,,,
4,往往,,,,
5,往返,wǎngfǎn ,"to go back and forth, to go to and fro, round trip",,Not covered.
6,征收,,,,
6,征服,,,,
5,征求,,,,
5,待遇,,,,
1,很,,,,
4,律师,,,,
6,徒弟,,,,
2,得,,,助词,
4,得,,,助动词,
6,得不偿失,,,,
6,得力,,,,
6,得天独厚,,,,
4,得意,,,,
6,得罪,,,,
6,徘徊,,,,
6,循序渐进,,,,
6,循环,,,,
6,微不足道,,,,
5,微笑,,,,
6,微观,,,,
6,心得,,,,
6,心态,,,,
4,心情,,,,
6,心灵,,,,
5,心理,,,,
6,心甘情愿,,,,
6,心疼,,,,
6,心眼儿,,,,
5,心脏,,,,
6,心血,,,,
5,必然,,,,
5,必要,,,,
3,必须,,,,
6,忌讳,,,,
5,忍不住,,,,
6,忍受,,,,
6,忍耐,,,,
5,志愿者,,,,
6,志气,,,,
3,忘记,,,,
2,忙,,,,
6,忙碌,,,,
6,忠实,,,,
6,忠诚,,,,
6,忧郁,,,,
2,快,,,,
2,快乐,,,,
6,快活,,,,
5,念,,,,
5,忽然,,,,
6,忽略,,,,
5,忽视,,,,
5,怀孕,,,,
5,怀念,,,,
4,怀疑,,,,
4,态度,,,,
1,怎么,,,,
1,怎么样,,,,
6,思念,,,,
5,思想,,,,
6,思索,,,,
6,思维,,,,
5,思考,,,,
6,怠慢,,,,
6,急于求成,,,,
6,急切,,,,
6,急剧,,,,
6,急功近利,,,,
5,急忙,jímáng ,hastily,,Referred to in HSK 5 lesson 6 （二）词语搭配.
5,急诊,,,,
6,急躁,,,,
4,性别,,,,
6,性命,,,,
6,性感,,,,
4,性格,,,,
6,性能,,,,
5,性质,xìngzhì ,"nature, characteristic",,Not covered.
5,怪不得,guàibude ,"no wonder!, so that's why!",,Not covered.
5,总之,,,,
5,总共,,,,
6,总和,,,,
3,总是,,,,
5,总理,,,,
5,总算,,,,
4,总结,,,,
5,总统,,,,
6,总而言之,,,,
5,总裁,,,,
5,恋爱,,,,
6,恍然大悟,,,,
6,恐吓,,,,
4,恐怕,,,,
6,恐怖,,,,
6,恐惧,,,,
5,恢复,,,,
5,恨,,,,
6,恨不得,,,,
6,恩怨,,,,
5,恭喜,,,,
6,恭敬,,,,
6,恰到好处,,,,
6,恰巧,,,,
6,恰当,,,,
6,恳切,,,,
5,恶劣,,,,
6,恶化,,,,
6,恶心,,,,
6,恼火,,,,
5,悄悄,,,,
6,悔恨,,,,
5,悠久,,,,
6,患者,,,,
2,您,,,,
6,悬崖峭壁,,,,
6,悬念,,,,
6,悬挂,,,,
6,悬殊,,,,
6,悲哀,,,,
6,悲惨,,,,
5,悲观,bēiguān ,pessimistic,,Not covered.
4,情况,,,,
6,情形,,,,
6,情报,,,,
5,情景,,,,
6,情理,,,,
5,情绪,,,,
6,情节,,,,
6,惊动,,,,
6,惊奇,,,,
6,惊讶,,,,
6,惋惜,,,,
6,惦记,,,,
6,惩罚,,,,
5,惭愧,,,,
6,惯例,,,,
1,想,,,,
5,想念,,,,
6,想方设法,,,,
5,想象,,,,
6,惹祸,,,,
6,愈,,,,
4,愉快,,,,
5,意义,,,,
6,意向,,,,
6,意味着,,,,
6,意图,,,,
5,意外,,,,
6,意志,,,,
2,意思,,,,
6,意料,,,,
4,意见,,,,
6,意识,,,,
6,愚昧,,,,
6,愚蠢,,,,
3,感兴趣,,,,
3,感冒,,,,
4,感动,,,,
5,感受,,,,
4,感情,,,,
5,感想,,,,
6,感慨,,,,
6,感染,,,,
5,感激,,,,
4,感觉,,,,
4,感谢,,,,
6,愣,,,,
6,愤怒,,,,
3,愿意,,,,
5,愿望,,,,
6,慈善,,,,
6,慈祥,,,,
5,慌张,,,,
6,慎重,,,,
2,慢,,,,
6,慢性,,,,
6,慰问,,,,
6,慷慨,,,,
6,憋,,,,
2,懂,,,,
4,懒,,,,
6,懒惰,,,,
5,戏剧,,,,
4,成为,,,,
6,成交,,,,
5,成人,,,,
5,成分,,,,
4,成功,,,,
6,成员,,,,
6,成天,,,,
5,成就,,,,
6,成心,,,,
6,成效,,,,
6,成本,,,,
5,成果,,,,
5,成熟,,,,
5,成立,,,,
3,成绩,,,,
5,成语,,,,
5,成长,,,,
1,我,,,,
1,我们,,,,
5,戒,,,,
6,戒备,,,,
5,戒指,,,,
3,或者,,,,
5,或许,,,,
5,战争,,,,
6,战役,,,,
6,战斗,zhàndòu ,"to fight, to battle",,Not covered.
6,战术,,,,
6,战略,,,,
6,截止,,,,
6,截至,,,,
4,戴,,,,
4,房东,,,,
2,房间,,,,
5,所,,,,
4,所有,,,,
6,扁,,,,
5,扇子,,,,
6,手势,,,,
5,手套,,,,
5,手工,,,,
5,手指,,,,
5,手术,,,,
2,手机,,,,
6,手法,,,,
5,手续,,,,
6,手艺,,,,
2,手表,,,,
6,才干,,,,
6,扎,,,,
6,扎实,,,,
6,扑,,,,
6,扒,,,,
5,打交道,,,,
6,打仗,,,,
6,打击,,,,
6,打包,,,,
4,打印,,,,
5,打听,,,,
5,打喷嚏,,,,
6,打官司,,,,
5,打工,,,,
3,打扫,,,,
4,打扮,,,,
4,打扰,,,,
4,打折,,,,
4,打招呼,,,,
6,打架,,,,
6,打猎,,,,
1,打电话,,,,
3,打算,,,,
2,打篮球,,,,
6,打量,,,,
4,打针,,,,
4,扔,,,,
6,托运,,,,
6,扛,,,,
6,扣,,,,
5,执照,,,,
6,执着,,,,
6,执行,,,,
6,扩充,,,,
5,扩大,,,,
6,扩张,,,,
6,扩散,,,,
6,扭转,,,,
6,扮演,,,,
6,扰乱,,,,
5,扶,,,,
5,批,,,,
5,批准,,,,
6,批判,,,,
6,批发,,,,
4,批评,,,,
2,找,,,,
6,承办,,,,
6,承包,,,,
5,承受,,,,
5,承担,,,,
5,承认,,,,
6,承诺,,,,
6,技巧,,,,
4,技术,,,,
5,抄,,,,
3,把,,,,
6,把关,,,,
6,把手,,,,
5,把握,,,,
5,抓,,,,
5,抓紧,,,,
5,投入,,,,
6,投掷,,,,
6,投机,,,,
6,投票,,,,
6,投诉,,,,
5,投资,,,,
6,投降,,,,
6,抗议,kàngyì ,"to protest, protest",,Not covered.
6,折,,,,
6,折磨,,,,
6,折腾,,,,
6,抚养,,,,
6,抚摸,,,,
6,抛弃,,,,
5,抢,,,,
6,抢劫,,,,
6,抢救,,,,
4,护士,,,,
3,护照,,,,
6,报仇,,,,
5,报到,,,,
4,报名,,,,
5,报告,,,,
6,报复,,,,
5,报社,,,,
6,报答,,,,
2,报纸,,,,
6,报警,,,,
5,报道,,,,
6,报酬,,,,
6,报销,,,,
5,披,,,,
4,抬,,,,
4,抱,,,,
5,抱怨,,,,
4,抱歉,,,,
6,抱负,,,,
6,抵制,,,,
6,抵抗,,,,
6,抵达,,,,
6,抹杀,,,,
5,押金,,,,
5,抽屉,,,,
4,抽烟,,,,
5,抽象,,,,
6,拄,zhǔ ,"to lean on, to prop on",,Not covered.
5,担任,,,,
6,担保,,,,
3,担心,,,,
5,拆,,,,
4,拉,,,,
5,拍,,,,
5,拐弯,,,,
6,拐杖,,,,
4,拒绝,,,,
6,拔苗助长,,,,
6,拖延,,,,
6,拘束,,,,
6,拘留,,,,
5,招待,,,,
6,招收,,,,
6,招标,,,,
4,招聘,,,,
6,拜年,,,,
6,拜托,,,,
6,拜访,,,,
6,拟定,,,,
6,拣,,,,
6,拥护,,,,
5,拥抱,,,,
5,拥挤,,,,
6,拥有,,,,
5,拦,,,,
6,拧,,,,
6,拨,,,,
6,拳头,,,,
6,拼命,,,,
6,拼搏,,,,
5,拼音,,,,
6,拽,,,,
6,拾,,,,
3,拿,,,,
6,拿手,,,,
6,持久,,,,
5,持续,,,,
4,挂,,,,
5,挂号,,,,
4,指,,,,
6,指令,,,,
6,指南针,,,,
6,指定,,,,
5,指导,,,,
5,指挥,,,,
6,指望,,,,
6,指标,,,,
6,指甲,,,,
6,指示,,,,
6,指责,,,,
6,按摩,,,,
4,按时,,,,
4,按照,,,,
6,挎,,,,
6,挑剔,,,,
5,挑战,,,,
6,挑拨,,,,
6,挑衅,,,,
6,挖掘,,,,
5,挡,,,,
5,挣,,,,
6,挣扎,,,,
5,挥,,,,
6,挥霍,,,,
6,挨,,,,
6,挪,,,,
6,挫折,,,,
6,振兴,,,,
5,振动,zhèndòng ,vibration,,Not covered.
6,振奋,,,,
4,挺,,,,
6,挺拔,,,,
6,挽回,,,,
6,挽救,,,,
6,捆绑,,,,
6,捍卫,,,,
6,捎,,,,
6,捏,,,,
5,捐,,,,
6,捕捉,,,,
6,捞,,,,
6,损坏,,,,
5,损失,,,,
5,捡,,,,
3,换,,,,
6,捣乱,,,,
6,捧,,,,
6,据悉,,,,
5,据说,,,,
6,掀起,,,,
6,授予,,,,
4,掉,,,,
5,掌握,,,,
6,掏,,,,
6,掐,,,,
4,排列,,,,
6,排放,,,,
6,排斥,,,,
6,排练,,,,
4,排队,,,,
6,排除,,,,
6,掠夺,,,,
6,探望,,,,
6,探测,,,,
6,探索,,,,
6,探讨,,,,
3,接,,,,
4,接受,,,,
5,接待,,,,
4,接着,,,,
5,接触,,,,
5,接近,,,,
6,接连,,,,
5,控制,,,,
4,推,,,,
5,推广,,,,
6,推测,,,,
6,推理,,,,
6,推翻,,,,
5,推荐,,,,
6,推论,,,,
5,推辞,,,,
4,推迟,,,,
6,推销,,,,
6,掩护,,,,
6,掩盖,,,,
6,掩饰,,,,
5,措施,,,,
6,掰,,,,
6,揉,,,,
6,揍,,,,
5,描写,,,,
6,描绘,,,,
4,提,,,,
4,提供,,,,
5,提倡,,,,
4,提前,,,,
6,提拔,,,,
6,提炼,,,,
6,提示,,,,
5,提纲,,,,
6,提议,,,,
4,提醒,,,,
5,提问,,,,
3,提高,,,,
5,插,,,,
6,插座,,,,
5,握手,,,,
6,揭露,,,,
6,搀,,,,
6,搁,,,,
6,搂,,,,
6,搅拌,,,,
6,搏斗,,,,
6,搓,,,,
5,搜索,,,,
5,搞,,,,
3,搬,,,,
6,搭,,,,
6,搭档,,,,
6,搭配,,,,
6,携带,,,,
5,摄影,shèyǐng ,"to take a photograph, photography, to shoot (a movie)",,Covered as 摄影师.
6,摄氏度,,,,
5,摆,,,,
6,摆脱,,,,
5,摇,,,,
6,摇摆,,,,
6,摇滚,,,,
6,摊,,,,
5,摔倒,,,,
5,摘,,,,
6,摘要,,,,
6,摧残,,,,
5,摩托车,,,,
6,摩擦,,,,
5,摸,,,,
6,摸索,,,,
6,撇,,,,
6,撒谎,,,,
5,撕,,,,
5,撞,,,,
6,撤退,,,,
6,撤销,,,,
5,播放,,,,
6,播种,,,,
6,擅自,,,,
6,擅长,,,,
6,操作,,,,
6,操劳,,,,
5,操场,,,,
5,操心,,,,
6,操纵,,,,
6,操练,,,,
4,擦,,,,
6,攀登,,,,
6,攒,,,,
5,支,,,,
6,支出,,,,
4,支持,,,,
6,支援,,,,
6,支撑,,,,
6,支柱,,,,
6,支流,,,,
5,支票,,,,
6,支配,,,,
4,收,,,,
4,收入,,,,
4,收拾,,,,
5,收据,,,,
6,收益,,,,
6,收缩,,,,
5,收获,,,,
6,收藏,,,,
6,收音机,,,,
4,改变,,,,
5,改善,,,,
5,改正,,,,
6,改良,,,,
5,改进,,,,
5,改革,,,,
6,攻克,,,,
6,攻击,,,,
3,放,,,,
6,放大,,,,
6,放射,,,,
4,放弃,,,,
3,放心,,,,
4,放暑假,,,,
4,放松,,,,
5,政府,,,,
6,政权,zhèngquán ,"regime, political power",,Not covered.
5,政治,,,,
6,政策,,,,
3,故事,,,,
6,故乡,,,,
4,故意,,,,
6,故障,,,,
4,效果,,,,
5,效率,,,,
6,效益,,,,
5,敌人,,,,
6,敌视,,,,
5,敏感,,,,
6,敏捷,,,,
6,敏锐,,,,
5,救,,,,
5,救护车,,,,
6,救济,,,,
3,教,,,,
6,教养,,,,
2,教室,,,,
4,教授,,,,
5,教材,,,,
5,教练,,,,
4,教育,,,,
5,教训,,,,
6,敞开,,,,
4,敢,,,,
6,散发,,,,
6,散布,,,,
6,散文,,,,
4,散步,,,,
6,敬业,,,,
6,敬礼,,,,
5,数,,,,
4,数字,,,,
3,数学,,,,
5,数据,,,,
5,数码,,,,
4,数量,,,,
6,数额,,,,
4,敲,,,,
5,整个,,,,
5,整体,,,,
4,整理,,,,
6,整顿,,,,
5,整齐,,,,
6,敷衍,,,,
5,文件,wénjiàn ,"document, file",,Referred to in HSK 5 lesson 31 （二）词语搭配.
5,文具,,,,
6,文凭,,,,
3,文化,,,,
5,文字,,,,
5,文学,wénxué ,literature,,Referred to in HSK 5 lesson 18 （二）词语搭配.
5,文明,,,,
6,文物,,,,
6,文献,,,,
6,文艺,,,,
6,文雅,,,,
4,文章,,,,
6,斑,,,,
6,斗争,dòuzhēng ,"a struggle, fight, battle",,Not covered.
5,斜,,,,
6,斟酌,,,,
6,斩钉截铁,,,,
5,断,,,,
6,断定,,,,
6,断绝,,,,
6,斯文,,,,
2,新,,,,
6,新娘,,,,
6,新郎,,,,
3,新闻,,,,
6,新陈代谢,,,,
6,新颖,,,,
3,新鲜,,,,
5,方,,,,
6,方位,,,,
3,方便,,,,
4,方向,,,,
6,方圆,,,,
5,方式,,,,
5,方案,,,,
4,方法,,,,
6,方言,,,,
6,方针,fāngzhēn ,"policy, guidelines",,Not covered.
4,方面,,,,
6,施加,,,,
6,施展,,,,
2,旁边,,,,
2,旅游,,,,
4,旅行,,,,
6,旋律,,,,
6,旋转,,,,
6,旗帜,,,,
6,旗袍,,,,
4,无,,,,
6,无偿,,,,
6,无动于衷,,,,
5,无奈,,,,
6,无微不至,,,,
6,无忧无虑,,,,
5,无所谓,,,,
5,无数,,,,
6,无比,,,,
6,无理取闹,,,,
6,无知,,,,
6,无穷无尽,,,,
6,无精打采,,,,
6,无耻,,,,
4,无聊,,,,
6,无能为力,,,,
4,无论,,,,
6,无赖,,,,
6,无辜,,,,
6,无非,,,,
4,既然,,,,
2,日,,,,
5,日历,,,,
5,日子,,,,
5,日常,,,,
6,日新月异,,,,
5,日期,,,,
5,日用品,,,,
6,日益,,,,
5,日程,,,,
4,日记,,,,
3,旧,,,,
2,早上,,,,
6,时事,,,,
5,时代,,,,
1,时候,,,,
6,时光,,,,
5,时刻,,,,
5,时尚,,,,
5,时差,,,,
6,时常,,,,
5,时期,,,,
6,时机,,,,
6,时而,,,,
2,时间,,,,
5,时髦,shímáo ,"in vogue, fashionable",,Referred to in HSK 5 lesson 20 （二）词语搭配.
6,旷课,,,,
6,昂贵,,,,
5,昆虫,,,,
6,昌盛,,,,
1,明天,,,,
6,明明,,,,
5,明星,,,,
5,明显,,,,
6,明智,,,,
3,明白,,,,
5,明确,,,,
6,昏迷,,,,
6,昔日,,,,
1,星期,,,,
3,春,,,,Covered as 春（天）.
1,昨天,,,,
1,是,,,,
4,是否,,,,
6,是非,,,,
6,昼夜,,,,
5,显得,,,,
5,显然,,,,
5,显示,,,,
6,显著,,,,
6,晃,,,,
6,晋升,,,,
5,晒,,,,
5,晕,,,,
2,晚上,,,,
6,普及,,,,
4,普通话,,,,
4,普遍,,,,
4,景色,,,,
2,晴,,,,
6,晴朗,,,,
6,智力,,,,
6,智商,,,,
5,智慧,,,,
6,智能,,,,
6,晾,,,,
6,暂且,,,,
4,暂时,,,,
4,暖和,,,,
5,暗,,,,
6,暗示,,,,
6,暧昧,,,,
6,暴力,,,,
6,暴露,,,,
6,曝光,,,,
6,曲子,,,,
6,曲折,,,,
3,更,,,,
6,更新,,,,
6,更正,,,,
5,曾经,,,,
1,月,,,,
3,月亮,,,,
1,有,,,,
5,有利,,,,
3,有名,,,,
6,有条不紊,,,,
4,有趣,,,,
1,朋友,,,,
6,服从,,,,
2,服务员,,,,
6,服气,,,,
5,服装,,,,
5,朗读,,,,
5,朝,,,,
6,朝代,,,,
6,朝气蓬勃,,,,
5,期待,,,,
6,期望,,,,
5,期间,,,,
6,期限,,,,
5,木头,,,,
6,未免,,,,
5,未必,,,,
5,未来,,,,
1,本,,,,
6,本事,,,,
6,本人,,,,
4,本来,,,,
5,本科,,,,
6,本能,,,,
5,本质,,,,
6,本身,,,,
6,本钱,,,,
5,本领,,,,
6,朴实,,,,
6,朴素,,,,
5,朵,,,,
3,机会,,,,
6,机动,,,,
5,机器,,,,
2,机场,,,,
6,机密,,,,
6,机智,,,,
6,机构,,,,
6,机械,,,,
6,机灵,,,,
6,机遇,,,,
5,杀,,,,
6,杂交,,,,
4,杂志,,,,
6,杂技,,,,
5,权利,,,,
5,权力,,,,
6,权威,,,,
6,权衡,,,,
4,材料,,,,
6,杜绝,,,,
6,束,,,,
6,束缚,,,,
6,杠杆,,,,
3,条,,,,
4,条件,,,,
6,条款,,,,
6,条理,,,,
6,条约,,,,
1,来,,,,
4,来不及,,,,
6,来历,,,,
4,来得及,,,,
6,来源,,,,
4,来自,,,,
3,极,,,,Covered as 极（了）.
5,极其,,,,
6,极端,,,,
6,极限,,,,
1,杯子,,,,
6,杰出,,,,
6,构思,,,,
5,构成,,,,
6,枕头,,,,
6,枚,,,,
5,果实,,,,
6,果断,,,,
4,果汁,,,,
5,果然,,,,
6,枝,,,,
5,枪,,,,
6,枯燥,,,,
6,枯萎,,,,
5,某,,,,
6,染,,,,
6,柔和,,,,
5,柜台,,,,
6,查获,,,,
6,柴油,,,,
4,标准,,,,
5,标志,,,,
6,标本,,,,
5,标点,,,,
6,标记,,,,
6,标题,,,,
6,栋,,,,
6,栏目,,,,
3,树,,,,
6,树立,,,,
3,校长,,,,
6,株,,,,
6,样品,,,,
4,样子,,,,
5,样式,,,,
5,核心,,,,
5,根,,,,
3,根据,,,,
5,根本,,,,
6,根深蒂固,,,,
6,根源,,,,
5,格外,,,,
6,格局,,,,
6,格式,,,,
6,栽培,,,,
5,桃,,,,
6,框架,,,,
6,案件,,,,
6,案例,,,,
1,桌子,,,,
5,桔子,júzi ,"tangerine, also written “橘子”",,Referred to as 橘子.
6,档案,,,,
6,档次,,,,
4,桥,,,,
6,桥梁,,,,
6,桨,,,,
6,梢,,,,
4,梦,,,,
5,梦想,,,,
5,梨,,,,
5,梳子,,,,
3,检查,,,,
6,检讨,,,,
6,检验,,,,
6,棉花,,,,
6,棍棒,,,,
4,棒,,,,
6,棕色,,,,
4,森林,,,,
4,棵,,,,
1,椅子,,,,
4,植物,,,,
6,椭圆,,,,
3,楼,,,,
5,概念,,,,
5,概括,,,,
6,榜样,,,,
5,模仿,,,,
6,模型,,,,
6,模式,,,,
6,模样,,,,
5,模特,,,,
5,模糊,,,,
6,模范,,,,
6,横,,,,
6,橙,,,,
4,橡皮,,,,
5,欠,,,,
2,次,,,,
6,次品,,,,
6,次序,,,,
5,次要,,,,
6,欢乐,,,,
3,欢迎,,,,
6,欣慰,,,,
6,欣欣向荣,,,,
5,欣赏,,,,
5,欧洲,Ōuzhōu ,Europe,,Not covered.
6,欲望,,,,
6,欺负,,,,
6,欺骗,,,,
6,款式,,,,
6,款待,,,,
5,歇,,,,
6,歌颂,,,,
5,正,zhèng ,first month of the lunar year,,Not covered.
6,正义,,,,
2,正在,,,,
4,正好,,,,
6,正宗,,,,
4,正常,,,,
4,正式,,,,
6,正当,,,,
6,正月,,,,
6,正气,,,,
4,正确,,,,
6,正经,,,,
6,正规,,,,
6,正负,,,,
5,此外,,,,
6,步伐,,,,
5,步骤,,,,
6,武侠,,,,
6,武器,,,,
5,武术,,,,
6,武装,,,,
6,歧视,,,,
5,歪,wāi ,"askew, at a crooked angle, devious, noxious",,Not covered.
6,歪曲,,,,
6,歹徒,,,,
4,死,,,,
6,死亡,,,,
6,残忍,,,,
6,残留,,,,
6,残疾,,,,
6,残酷,,,,
6,殖民地,zhímíndì ,colony,,Not covered.
6,殴打,,,,
3,段,,,,
6,毁灭,,,,
6,毅力,,,,
6,毅然,,,,
4,母亲,,,,
6,母语,,,,
2,每,,,,
6,毒品,,,,
2,比,,,,
5,比例,,,,
6,比喻,,,,
4,比如,,,,
6,比方,,,,
3,比赛,,,,
3,比较,,,,
6,比重,,,,
4,毕业,,,,
5,毕竟,,,,
4,毛,,,,
4,毛巾,,,,
5,毛病,,,,
6,毫无,,,,
6,毫米,,,,
6,民主,,,,
4,民族,,,,
6,民间,,,,
4,气候,,,,
6,气功,,,,
6,气势,,,,
6,气压,,,,
6,气味,,,,
6,气概,,,,
5,气氛,,,,
6,气色,,,,
6,气象,,,,
6,气质,,,,
6,气魄,,,,
6,氧气,,,,
1,水,,,,
6,水利,,,,
3,水平,,,,
1,水果,,,,
6,水泥,,,,
6,水龙头,,,,
6,永恒,,,,
4,永远,,,,
6,汇报,,,,
5,汇率,,,,
1,汉语,,,,
4,汗,,,,
5,池塘,,,,
4,污染,,,,
6,污蔑,,,,
4,汤,,,,
6,汹涌,,,,
5,汽油,,,,
6,沉思,,,,
6,沉淀,,,,
6,沉着,,,,
6,沉重,,,,
6,沉闷,,,,
5,沉默,,,,
6,沐浴,,,,
4,沙发,,,,
5,沙滩,,,,
5,沙漠,,,,
5,沟通,,,,
1,没关系,,,,
1,没有,,,,
6,沮丧,,,,
6,沸腾,,,,
6,油漆,,,,
5,油炸,,,,
6,油腻,,,,
6,治安,,,,
6,治理,,,,
5,治疗,,,,
6,沼泽,zhǎozé ,"marsh, swamp, wetlands, glade",,Not covered.
6,沾光,,,,
6,沿海,,,,
6,泄气,,,,
6,泄露,,,,
6,法人,,,,
4,法律,,,,
5,法院,,,,
6,泛滥,,,,
6,泡沫,,,,
6,波浪,,,,
6,波涛,,,,
5,注册,,,,
6,注射,,,,
3,注意,,,,
6,注视,,,,
6,注释,,,,
6,注重,,,,
6,泰斗,,,,
6,泼,,,,
5,洒,,,,
2,洗,,,,
3,洗手间,,,,
3,洗澡,,,,
5,洞,,,,
6,津津有味,,,,
6,洪水,,,,
6,活力,,,,
4,活动,,,,
4,活泼,,,,
6,活该,,,,
5,活跃,,,,
6,洽谈,,,,
5,派,,,,
6,派别,,,,
6,派遣,,,,
5,流传,,,,
4,流利,,,,
6,流氓,,,,
5,流泪,,,,
6,流浪,,,,
4,流行,,,,
6,流通,,,,
6,流露,,,,
5,浅,,,,
5,浇,,,,
6,测量,,,,
5,测验,,,,
5,浏览,,,,
6,浑身,,,,
5,浓,,,,
6,浓厚,,,,
4,浪漫,,,,
4,浪费,,,,
5,海关,,,,
6,海拔,,,,
4,海洋,,,,
6,海滨,,,,
5,海鲜,,,,
6,浸泡,,,,
6,涂抹,,,,
5,消化,,,,
5,消失,,,,
4,消息,,,,
5,消极,,,,
6,消毒,,,,
6,消灭,,,,
6,消耗,,,,
5,消费,,,,
6,消防,,,,
6,消除,,,,
6,涉及,,,,
6,涌现,,,,
5,涨,,,,
6,涮火锅,shuànhuǒguō ,hotpot,,Not covered.
6,液体,,,,
6,淋,,,,
5,淘气,,,,
6,淘汰,,,,
5,淡,,,,
6,淡季,,,,
6,淡水,,,,
4,深,,,,
5,深刻,,,,
6,深奥,,,,
6,深情厚谊,,,,
6,深沉,,,,
6,混乱,,,,
6,混合,,,,
6,混浊,,,,
6,混淆,,,,
6,淹没,,,,
6,清晨,,,,
6,清晰,,,,
3,清楚,,,,
6,清洁,,,,
5,清淡,,,,
6,清澈,,,,
6,清理,,,,
6,清真,,,,
6,清醒,,,,
6,清除,,,,
6,渔民,,,,
6,渗透,,,,
6,渠道,,,,
6,渣,,,,
6,温和,,,,
6,温带,,,,
4,温度,,,,
5,温暖,,,,
5,温柔,,,,
6,港口,,,,
6,港湾,,,,
3,渴,,,,
6,渴望,,,,
3,游戏,,,,
2,游泳,,,,
5,游览,,,,
6,渺小,,,,
6,湖泊,,,,
5,湿润,,,,
6,溅,,,,
6,滋味,,,,
6,滋润,,,,
6,滞留,,,,
6,源泉,,,,
6,溜,,,,
6,溪,,,,
6,溶解,,,,
5,滑,,,,
6,滔滔不绝,,,,
4,满,,,,
3,满意,,,,
5,满足,,,,
5,滚,,,,
5,滴,dī ,"a drop, to drip",,Referred to in HSK 5 lesson 5 application.
1,漂亮,,,,
6,漂浮,,,,
5,漏,,,,
6,演习,,,,
4,演出,,,,
6,演变,,,,
4,演员,,,,
6,演奏,,,,
6,演绎,,,,
5,演讲,,,,
6,漫画,,,,
6,漫长,,,,
6,潇洒,,,,
6,潜力,,,,
6,潜水,,,,
6,潜移默化,,,,
6,潮流,,,,
5,潮湿,,,,
6,澄清,,,,
4,激动,,,,
6,激励,,,,
6,激发,,,,
6,激情,,,,
5,激烈,,,,
6,濒临,,,,
6,瀑布,,,,
6,灌溉,,,,
4,火,,,,
5,火柴,,,,
6,火焰,,,,
6,火箭,,,,
6,火药,,,,
2,火车站,,,,
6,灭亡,,,,
3,灯,,,,
6,灯笼,,,,
5,灰,,,,
5,灰尘,,,,
5,灰心,,,,
6,灵感,,,,
6,灵敏,,,,
5,灵活,,,,
6,灵魂,,,,
5,灾害,,,,
6,灾难,,,,
6,灿烂,,,,
6,炉灶,,,,
6,炊烟,,,,
6,炎热,,,,
5,炒,,,,
6,炫耀,,,,
1,点,,,,
5,点心,,,,
6,点缀,,,,
5,烂,,,,
6,烘,,,,
6,烟花爆竹,,,,
4,烤鸭,,,,
4,烦恼,,,,
5,烫,,,,
1,热,,,,
5,热心,,,,
3,热情,,,,
6,热泪盈眶,,,,
5,热烈,,,,
5,热爱,,,,
6,热门,,,,
4,热闹,,,,
6,烹饪,,,,
6,焦急,,,,
6,焦点,,,,
3,然后,,,,
4,然而,,,,
5,煮,,,,
6,煎,,,,
5,煤炭,,,,
4,照,,,,
5,照常,,,,
6,照样,,,,
3,照片,,,,
3,照相机,,,,
6,照耀,,,,
3,照顾,,,,
6,熄灭,,,,
3,熊猫,,,,
6,熏陶,,,,
6,蒸发,,,,
4,熟悉,,,,
5,熟练,,,,
6,熨,yù ,"reconciled, smooth",,Not covered.
6,熬,,,,
5,熬夜,,,,
5,燃烧,,,,
6,爆发,,,,
6,爆炸,,,,
3,爬山,,,,
1,爱,,,,
6,爱不释手,,,,
3,爱好,,,,
5,爱心,,,,
4,爱情,,,,
5,爱惜,,,,
6,爱戴,,,,
5,爱护,,,,
4,父亲,,,,
3,爷爷,,,,
1,爸爸,,,,
6,爽快,,,,
5,片,,,,
6,片刻,,,,
6,片断,,,,
5,片面,,,,
6,版本,,,,
4,牙膏,,,,
5,牙齿,,,,
5,牛仔裤,,,,
2,牛奶,,,,
6,牢固,,,,
6,牢骚,,,,
6,物业,,,,
5,物理,,,,
6,物美价廉,,,,
5,物质,,,,
6,物资,,,,
6,牲畜,,,,
6,牵,,,,
6,牵制,,,,
6,牵扯,,,,
3,特别,,,,
6,特定,,,,
5,特征,,,,
6,特意,,,,
5,特殊,,,,
4,特点,,,,
5,特色,,,,
6,特长,,,,
6,牺牲,,,,
6,犬,,,,
5,状况,,,,
5,状态,,,,
6,犹如,,,,
5,犹豫,,,,
1,狗,,,,
6,狠心,,,,
5,狡猾,,,,
5,独特,,,,
5,独立,,,,
6,独裁,,,,
6,狭窄,,,,
6,狭隘,,,,
5,狮子,,,,
6,狼吞虎咽,,,,
6,狼狈,,,,
6,猛烈,,,,
4,猜,,,,
5,猪,,,,
1,猫,,,,
5,猴子,,,,
6,率领,,,,
6,玉,,,,
5,玉米,,,,
5,王子,,,,
2,玩,,,,Covered as 玩儿.
5,玩具,,,,
6,玩弄,,,,
6,玩意儿,,,,
3,环境,,,,
6,环节,,,,
5,现代,,,,
1,现在,,,,
6,现场,,,,
5,现实,,,,
6,现成,,,,
6,现状,,,,
5,现象,,,,
4,现金,,,,
5,玻璃,,,,
5,珍惜,,,,
6,珍珠,,,,
6,珍稀,,,,
6,珍贵,,,,
3,班,,,,
5,球迷,,,,
4,理发,,,,
4,理想,,,,
6,理所当然,,,,
6,理智,,,,
5,理由,,,,
6,理直气壮,,,,
6,理睬,,,,
4,理解,,,,
5,理论,,,,
6,琢磨,,,,
6,瓦解,,,,
3,瓶子,,,,
4,甚至,,,,
3,甜,,,,
5,生产,,,,
5,生动,,,,
4,生命,,,,
6,生存,,,,
6,生态,,,,
4,生意,,,,
6,生效,,,,
2,生日,,,,
6,生机,,,,
3,生气,,,,
4,生活,,,,
6,生物,,,,
6,生理,,,,
6,生疏,,,,
2,生病,,,,
6,生肖,,,,
6,生育,,,,
6,生锈,,,,
5,生长,,,,
3,用,,,,
5,用功,,,,
6,用户,,,,
5,用途,,,,
5,甩,,,,
6,甭,,,,
6,田径,,,,
6,田野,,,,
4,由,,,,
4,由于,,,,
5,甲,,,,
6,申报,,,,
4,申请,,,,
5,电台,,,,
3,电子邮件,,,,
1,电影,,,,
3,电梯,,,,
5,电池,,,,
6,电源,,,,
1,电视,,,,
1,电脑,,,,
2,男,,,,
3,画,,,,
6,画蛇添足,,,,
6,畅通,,,,
6,畅销,,,,
6,界限,,,,
6,畏惧,,,,
6,畔,,,,
4,留,,,,
3,留学,,,,
6,留念,,,,
6,留恋,,,,
6,留神,,,,
6,畜牧,,,,
6,番,,,,
6,疏忽,,,,
6,疏远,,,,
6,疑惑,,,,
5,疑问,,,,
6,疙瘩,,,,
6,疤,,,,
5,疯狂,fēngkuáng ,"crazy, frantic, extreme popularity",,Not covered.
6,疲倦,,,,
5,疲劳,,,,
6,疲惫,,,,
3,疼,,,,
5,疼爱,,,,
6,疾病,,,,
5,病毒,,,,
6,症状,,,,
5,痒,,,,
6,痕迹,,,,
5,痛快,,,,
5,痛苦,,,,
3,瘦,,,,
6,瘫痪,,,,
6,瘸,qué ,lame (disability),,Not covered.
6,癌症,,,,
6,登录,,,,
4,登机牌,,,,
5,登记,,,,
6,登陆,,,,
2,白,,,,
2,百,,,,
4,百分之,,,,
1,的,,,,
5,的确,,,,
6,皆,,,,
6,皇后,,,,
6,皇帝,,,,
4,皮肤,,,,
6,皮革,,,,
3,皮鞋,,,,
6,皱纹,,,,
5,盆,,,,
6,盆地,,,,
6,盈利,,,,
4,盐,,,,
6,监狱,,,,
6,监督,,,,
6,监视,,,,
4,盒子,,,,
5,盖,,,,
6,盖章,,,,
6,盗窃,,,,
3,盘子,,,,
6,盘旋,,,,
6,盛,,,,
6,盛产,,,,
6,盛开,,,,
6,盛情,,,,
6,盛行,,,,
6,目光,,,,
5,目前,,,,
5,目录,,,,
5,目标,,,,
4,目的,,,,
6,目睹,,,,
6,盯,,,,
6,盲目,,,,
5,直,,,,
6,直径,,,,
4,直接,,,,
6,直播,,,,
5,相似,,,,
3,相信,,,,
5,相关,,,,
4,相反,,,,
4,相同,,,,
6,相声,,,,
5,相处,,,,
5,相对,,,,
6,相差,,,,
6,相应,,,,
5,相当,,,,
6,相等,,,,
6,相辅相成,,,,
5,盼望,,,,
4,省,,,,
6,省会,,,,
5,省略,,,,
5,眉毛,,,,
1,看,,,,
5,看不起,,,,
6,看待,,,,
5,看望,,,,
4,看法,,,,
1,看见,,,,
2,真,,,,
5,真实,,,,
6,真挚,,,,
4,真正,,,,
6,真理,,,,
6,真相,,,,
6,眨,,,,
6,眯,,,,
6,眼光,,,,
2,眼睛,,,,
6,眼神,,,,
6,眼色,,,,
4,眼镜,,,,
5,睁,,,,
2,着,,,,
5,着凉,,,,
3,着急,,,,
6,着想,,,,
6,着手,,,,
5,着火,,,,
6,着迷,,,,
6,着重,,,,
6,督促,,,,
1,睡觉,,,,
6,瞄准,,,,
5,瞎,,,,
5,瞧,,,,
6,瞪,,,,
6,瞬间,,,,
6,瞻仰,,,,
5,矛盾,,,,
6,知觉,,,,
4,知识,,,,
6,知足常乐,,,,
2,知道,,,,
3,短,,,,
6,短促,,,,
4,短信,,,,
3,矮,,,,
5,石头,,,,
6,石油,,,,
6,矿产,,,,
4,矿泉水,,,,
6,码头,,,,
5,砍,,,,
6,砍伐,,,,
4,研究,,,,
6,砖,,,,
4,破,,,,
5,破产,,,,
6,破例,,,,
5,破坏,,,,
6,砸,,,,
4,硕士,,,,
5,硬,,,,
5,硬件,,,,
6,确保,,,,
6,确信,,,,
6,确切,,,,
5,确定,,,,
4,确实,,,,
6,确立,,,,
5,确认,,,,
5,碎,,,,
3,碗,,,,
5,碰,,,,
6,磁带,,,,
6,磅,,,,
6,磋商,,,,
6,磕,,,,
6,磨合,,,,
6,示威,shìwēi ,to demonstrate (as a protest),,Not covered.
6,示意,,,,
6,示范,,,,
6,礼尚往来,lǐshàngwǎnglái ,"lit. proper behavior is based on reciprocity (idiom), fig. to return politeness for politeness",,Not covered.
4,礼拜天,,,,
3,礼物,,,,
6,礼节,,,,
4,礼貌,,,,
4,社会,,,,
6,社区,,,,
6,视力,,,,
6,视线,,,,
6,视野,,,,
6,视频,,,,
6,祖先,,,,
6,祖国,,,,
6,祖父,,,,
5,祝福,,,,
4,祝贺,,,,
6,神仙,,,,
6,神圣,,,,
6,神奇,,,,
6,神态,,,,
6,神气,,,,
5,神秘,,,,
6,神经,,,,
5,神话,,,,
2,票,,,,
4,禁止,,,,
6,福利,,,,
6,福气,,,,
2,离,,,,
5,离婚,,,,
3,离开,,,,
5,私人,,,,
6,私自,,,,
6,秃,,,,
3,秋,,,,Covered as 秋（天）.
3,种,,,量词,
6,种子,,,,
6,种族,,,,
6,种植,,,,
5,种类,,,,
4,科学,,,,
6,科目,,,,
4,秒,,,,
5,秘书,,,,
5,秘密,,,,
4,租,,,,
6,租赁,,,,
6,秤,,,,
5,秩序,,,,
4,积极,,,,
4,积累,,,,
5,称,,,,
6,称号,,,,
5,称呼,,,,
6,称心如意,,,,
5,称赞,,,,
5,移动,,,,
5,移民,,,,
5,程序,,,,
5,程度,,,,
4,稍微,,,,
5,税,,,,
6,稠密,,,,
5,稳定,,,,
6,稻谷,,,,
6,稿件,,,,
4,究竟,,,,
4,穷,,,,
4,空,,,,
6,空前绝后,,,,
6,空想,,,,
4,空气,,,,
6,空洞,,,,
6,空白,,,,
6,空虚,,,,
3,空调,,,,
5,空闲,,,,
5,空间,,,,
6,空隙,,,,
2,穿,,,,
6,穿越,,,,
5,突出,,,,
3,突然,,,,
6,突破,,,,
5,窄,,,,
6,窍门,,,,
5,窗帘,,,,
4,窗户,,,,
6,窜,,,,
6,窝,,,,
6,立交桥,,,,
6,立体,,,,
5,立刻,,,,
5,立即,,,,
6,立场,,,,
6,立方,,,,
6,立足,,,,
6,竖,,,,
3,站,,,,
4,竞争,,,,
6,竞赛,,,,
6,竞选,jìngxuǎn ,"to take part in an election, to run for office",,Not covered.
6,童话,,,,
6,竭尽全力,,,,
6,端,,,,
6,端午节,,,,
6,端正,,,,
5,竹子,,,,
2,笑,,,,
4,笑话,,,,
3,笔记本,,,,Covered as 笔记本（电脑）.
6,符号,,,,
4,符合,,,,
4,笨,,,,
6,笨拙,,,,
2,第一,,,,
6,笼罩,,,,
2,等,,,动词,
4,等,,,助词,
5,等于,,,,
6,等候,,,,
5,等待,,,,
6,等级,,,,
6,筐,,,,
6,答复,,,,
5,答应,,,,
4,答案,,,,
6,答辩,,,,
6,策划,,,,
6,策略,,,,
6,筛选,,,,
3,筷子,,,,
6,筹备,,,,
5,签,,,,
6,签署,,,,
4,签证,,,,
6,简体字,,,,
6,简化,,,,
3,简单,,,,
5,简历,,,,
5,简直,,,,
6,简要,,,,
6,简陋,,,,
6,算数,,,,
5,管子,,,,
4,管理,,,,
6,管辖,,,,
4,篇,,,,
6,籍贯,,,,
3,米,,,,
1,米饭,,,,
6,类似,,,,
5,类型,,,,
6,粉末,,,,
6,粉碎,,,,
6,粉色,,,,
6,粒,,,,
4,粗心,,,,
5,粗糙,,,,
6,粗鲁,,,,
5,粘贴,,,,
6,粥,,,,
5,粮食,,,,
5,精力,jīnglì ,energy,,Not covered.
6,精华,,,,
6,精密,,,,
4,精彩,,,,
6,精心,,,,
6,精打细算,,,,
6,精益求精,,,,
6,精确,,,,
5,精神,,,,
6,精简,,,,
6,精致,,,,
6,精通,,,,
5,糊涂,,,,
4,糖,,,,
5,糟糕,,,,
6,糟蹋,,,,
5,系,,,,
6,系列,,,,
5,系统,,,,
5,系领带,xì lǐngdài ,to tie a tie,,Not covered.
6,素质,,,,
6,素食,,,,
6,索取,,,,
6,索性,,,,
4,紧张,,,,
5,紧急,,,,
6,紧迫,,,,
5,紫,,,,
2,累,,,,Referred to in HSK 2 lesson 2 dialog 4.
6,繁体字,,,,
6,繁华,,,,
6,繁忙,,,,
6,繁殖,,,,
5,繁荣,,,,
6,纠正,,,,
6,纠纷,,,,
2,红,,,,
6,纤维,,,,
4,约会,,,,
6,约束,,,,
6,级别,,,,
5,纪录,,,,
5,纪律,,,,
5,纪念,,,,
6,纪要,,,,
6,纯洁,,,,
6,纯粹,,,,
6,纲领,,,,
6,纳闷儿,,,,
6,纵横,,,,
5,纷纷,,,,
6,纺织,,,,
6,纽扣儿,,,,
6,线索,,,,
3,练习,,,,
5,组,,,,
5,组合,,,,
5,组成,,,,
5,组织,,,,
6,绅士,,,,
6,细胞,,,,
6,细致,,,,
5,细节,,,,
6,细菌,,,,
3,终于,,,,
6,终止,,,,
6,终点,,,,
6,终究,,,,
6,终身,,,,
5,经典,,,,
4,经历,,,,
5,经商,,,,
3,经常,,,,
4,经济,,,,
3,经理,,,,
6,经纬,,,,
5,经营,,,,
6,经费,,,,
3,经过,,,,
4,经验,,,,
6,绑架,,,,
5,结合,,,,
3,结婚,,,,
5,结实,,,,
6,结局,,,,
6,结晶,,,,
3,结束,,,,
5,结构,,,,
4,结果,,,,
6,结算,,,,
5,结论,,,,
5,结账,,,,
5,绕,,,,
2,给,,,,
6,给予,,,,
6,络绎不绝,,,,
5,绝对,,,,
6,绝望,,,,
5,统一,tǒngyī ,"to unify, to unite, to integrate",,Not covered.
6,统治,,,,
6,统筹兼顾,,,,
6,统统,,,,
6,统计,,,,
6,绣,,,,
6,继承,,,,
4,继续,,,,
5,绳子,,,,
5,维修,,,,
6,维护,,,,
6,维持,,,,
6,维生素,,,,
5,综合,,,,
3,绿,,,,
6,缓和,,,,
5,缓解,,,,
6,编织,,,,
5,编辑,,,,
6,缘故,,,,
6,缠绕,,,,
5,缩短,,,,
6,缴纳,,,,
5,缺乏,,,,
6,缺口,,,,
4,缺少,,,,
6,缺席,,,,
4,缺点,,,,
6,缺陷,,,,
6,罐,,,,
4,网球,,,,
4,网站,,,,
5,网络,,,,
6,罕见,,,,
5,罚款,,,,
6,罢工,,,,
6,罪犯,,,,
2,羊肉,,,,
4,美丽,,,,
6,美妙,,,,
5,美术,,,,
6,美满,,,,
6,美观,,,,
6,羞耻,,,,
4,羡慕,,,,
5,群,,,,
6,群众,,,,
4,羽毛球,,,,
6,羽绒服,,,,
5,翅膀,,,,
6,翘,,,,
6,翼,,,,
5,翻,,,,
4,翻译,,,,
6,耀眼,,,,
3,老,,,,
5,老婆,,,,
5,老实,,,,
1,老师,,,,
5,老板,,,,
5,老百姓,,,,
4,老虎,,,,
5,老鼠,,,,
6,考古,,,,
6,考察,,,,
6,考核,,,,
4,考虑,,,,
2,考试,,,,
6,考验,,,,
4,而,,,,
6,而已,,,,
6,耍,,,,
4,耐心,,,,
6,耐用,,,,
6,耕地,,,,
6,耗费,,,,
3,耳朵,,,,
5,耳环,,,,
6,耸,,,,
5,耽误,,,,
3,聊天,,,,Covered as 聊天（儿）.
6,聋哑,,,,
4,职业,,,,
6,职位,,,,
6,职务,,,,
6,职能,,,,
5,联合,,,,
6,联想,,,,
6,联欢,,,,
6,联盟,,,,
4,联系,,,,
6,联络,,,,
4,聚会,,,,
6,聚精会神,,,,
3,聪明,,,,
6,肆无忌惮,,,,
5,肌肉,,,,
6,肖像,,,,
4,肚子,,,,
6,股东,,,,
6,股份,,,,
5,股票,,,,
6,肥沃,,,,
5,肥皂,,,,
5,肩膀,,,,
4,肯定,,,,
6,肺,,,,
6,肿瘤,,,,
5,胃,,,,
5,胃口,,,,
5,胆小鬼,,,,
6,胆怯,,,,
5,背,,,,
6,背叛,,,,
5,背景,,,,
6,背诵,,,,
3,胖,,,,
5,胜利,,,,
6,胜负,,,,
6,胡乱,,,,
5,胡同,,,,
5,胡说,,,,
6,胡须,,,,
6,脉搏,,,,
4,胳膊,,,,
5,胶水,,,,
5,胸,,,,
6,胸怀,,,,
6,胸膛,,,,
1,能,,,,
4,能力,,,,
5,能干,,,,
5,能源,,,,
6,能量,,,,
6,脂肪,,,,
6,脆弱,,,,
4,脏,,,,
5,脑袋,,,,
5,脖子,,,,
3,脚,,,,
4,脱,,,,
6,脱离,,,,
3,脸,,,,
4,脾气,,,,
6,腐朽,,,,
6,腐烂,,,,
6,腐蚀,,,,
6,腐败,,,,
6,腥,,,,
5,腰,,,,
6,腹泻,,,,
3,腿,,,,
6,膜,,,,
6,膝盖,,,,
6,臂,,,,
6,自主,,,,
5,自从,,,,
4,自信,,,,
6,自力更生,,,,
5,自动,,,,
6,自卑,,,,
6,自发,,,,
3,自己,,,,
5,自愿,,,,
6,自满,,,,
4,自然,,,,
5,自由,,,,
5,自私,,,,
3,自行车,,,,
5,自觉,,,,
5,自豪,,,,
5,臭,,,,
5,至于,,,,
5,至今,,,,
4,至少,,,,
6,致使,,,,
6,致力,,,,
6,致辞,,,,
5,舅舅,,,,
6,舆论,,,,
6,舌头,,,,
5,舍不得,,,,
3,舒服,,,,
6,舒畅,,,,
5,舒适,,,,
6,舔,,,,
6,舞蹈,,,,
6,舟,,,,
6,航天,,,,
4,航班,,,,
6,航空,,,,
6,航行,,,,
6,舰艇,jiàntǐng ,"warship, naval vessel",,Not covered.
6,舱,,,,
3,船,,,,
6,船舶,chuánbó ,"shipping, boats",,Not covered.
6,艘,,,,
5,良好,,,,
6,良心,,,,
5,艰巨,,,,
5,艰苦,,,,
6,艰难,,,,
5,色彩,,,,
4,艺术,,,,
4,节,,,,
6,节制,,,,
6,节奏,,,,
3,节日,,,,
3,节目,,,,
5,节省,,,,
4,节约,,,,
3,花,,,动词,
3,花,,,名词,
6,花瓣,,,,
5,花生,,,,
6,花蕾,,,,
6,苍白,,,,
6,苏醒,,,,
5,苗条,,,,
6,若干,,,,
4,苦,,,,
6,苦尽甘来,,,,
6,苦涩,,,,
5,英俊,,,,
6,英勇,,,,
6,英明,,,,
5,英雄,,,,
1,苹果,,,,
6,茂盛,,,,
5,范围,,,,
6,范畴,,,,
6,茎,,,,
6,茫然,,,,
6,茫茫,,,,
1,茶,,,,
3,草,,,,
6,草案,,,,
6,草率,,,,
6,荒凉,,,,
6,荒唐,,,,
6,荒谬,,,,
6,荣幸,,,,
6,荣誉,,,,
6,荤,hūn ,"non-vegetarian food (meat, fish, spicy food etc)",,Not covered.
2,药,,,,
6,莫名其妙,,,,
4,获得,,,,
1,菜,,,,
3,菜单,,,,
6,萌芽,,,,
5,营业,,,,
5,营养,,,,
6,著作,,,,
4,著名,,,,
5,落后,,,,
6,落实,,,,
6,落成,,,,
4,葡萄,,,,
6,董事长,,,,
3,蓝,,,,
6,蔑视,,,,
6,蔓延,,,,
6,蔚蓝,,,,
5,蔬菜,,,,
6,蕴藏,,,,
5,薄,,,,
6,薄弱,,,,
6,薪水,,,,
6,藐视,,,,
6,虐待,,,,
6,虚伪,,,,
6,虚假,,,,
5,虚心,,,,
6,虚荣,,,,
2,虽然……但是……,,,,Covered as 虽然 and 但是 separately.
6,蚂蚁,,,,
5,蛇,,,,
6,蛋白质,,,,
3,蛋糕,,,,
5,蜜蜂,,,,
6,蜡烛,,,,
5,蝴蝶,,,,
6,融化,,,,
6,融洽,,,,
5,血,,,,
6,血压,,,,
4,行,,,,
5,行业,,,,
5,行为,,,,
5,行人,,,,
6,行列,,,,
5,行动,,,,
6,行政,,,,
3,行李箱,,,,
6,衔接,,,,
3,街道,,,,
1,衣服,,,,
6,衣裳,,,,
6,补偿,,,,
5,补充,,,,
6,补救,,,,
6,补贴,,,,
6,表决,,,,
6,表彰,,,,
6,表态,,,,
5,表情,,,,
4,表扬,,,,
5,表明,,,,
4,表格,,,,
4,表演,,,,
5,表现,,,,
4,表示,,,,
5,表达,,,,
5,表面,,,,
6,衬托,,,,
3,衬衫,,,,
6,衰老,,,,
6,衰退,,,,
6,衷心,,,,
4,袜子,,,,
3,被,,,,
6,被动,,,,
6,被告,,,,
5,被子,,,,
6,袭击,,,,
6,裁判,,,,
6,裁员,,,,
6,裁缝,,,,
5,装,,,,
5,装修,,,,
6,装卸,,,,
6,装备,,,,
5,装饰,,,,
3,裙子,,,,
3,裤子,,,,
3,西,,,,
2,西瓜,,,,
4,西红柿,,,,
2,要,,,,
5,要不,,,,
6,要命,,,,
4,要是,,,,
3,要求,,,,
6,要点,,,,
6,要素,,,,
6,覆盖,,,,
6,见义勇为,,,,
6,见多识广,,,,
6,见解,,,,
6,见闻,,,,
3,见面,,,,
4,观众,,,,
6,观光,,,,
5,观察,,,,
5,观念,,,,
5,观点,,,,
6,规划,,,,
5,规则,,,,
4,规定,,,,
5,规律,,,,
6,规格,,,,
5,规模,guīmó ,"scale, scope, extent",,Referred to in HSK 5 lesson 16 （二）词语搭配.
5,规矩,,,,
6,规范,,,,
6,规章,,,,
2,觉得,,,,
6,觉悟,,,,
6,觉醒,,,,
3,角,,,,Referred to in HSK 3 lesson 4 dialog 3 as a footnote.
5,角度,,,,
5,角色,,,,
6,角落,,,,
6,解体,,,,
3,解决,,,,
6,解剖,,,,
6,解放,,,,
6,解散,,,,
4,解释,,,,
6,解除,,,,
6,解雇,,,,
6,触犯,,,,
6,言论,,,,
6,警告,,,,
4,警察,,,,
6,警惕,,,,
6,譬如,,,,
4,计划,,,,
5,计算,,,,
6,计较,,,,
3,认为,,,,
6,认可,,,,
6,认定,,,,
3,认真,,,,
1,认识,,,,
6,讥笑,,,,
5,讨价还价,,,,
4,讨厌,,,,
6,讨好,,,,
4,讨论,,,,
2,让,,,,
6,让步,,,,
5,训练,,,,
5,议论,,,,
5,记录,,,,
3,记得,,,,
5,记忆,,,,
6,记性,,,,
4,记者,,,,
6,记载,,,,
3,讲,,,,
5,讲座,,,,
5,讲究,,,,
6,许可,,,,
4,许多,,,,
6,论坛,,,,
5,论文,,,,
6,论证,,,,
5,讽刺,,,,
5,设备,,,,
6,设想,,,,
5,设施,,,,
6,设立,,,,
6,设置,,,,
5,设计,,,,
6,访问,,,,
6,证书,,,,
5,证件,,,,
6,证实,,,,
5,证据,,,,
4,证明,,,,
5,评价,,,,
6,评估,,,,
6,评论,,,,
6,识别,,,,
6,诈骗,,,,
6,诉讼,,,,
5,诊断,,,,
3,词典,,,,
5,词汇,,,,
4,词语,,,,
3,试,,,,
5,试卷,,,,
6,试图,,,,
6,试验,,,,
5,诗,,,,
4,诚实,,,,
5,诚恳,,,,
6,诚挚,,,,
6,话筒,,,,
5,话题,,,,
6,诞生,,,,
6,诞辰,,,,
5,询问,,,,
4,详细,,,,
6,诧异,,,,
6,诬陷,,,,
5,语气,,,,
4,语法,,,,
4,语言,,,,
4,误会,,,,
6,误差,,,,
6,误解,,,,
6,诱惑,,,,
1,说,,,,
5,说不定,,,,
4,说明,,,,
5,说服,,,,
2,说话,,,,
1,请,,,,
3,请假,,,,
6,请帖,,,,
6,请教,,,,
6,请柬,,,,
5,请求,,,,
6,请示,,,,
6,诸位,,,,
1,读,,,,
6,诽谤,,,,
2,课,,,,
5,课程,,,,
6,课题,,,,
1,谁,,,,
6,调剂,,,,
6,调动,,,,
6,调和,,,,
5,调整,,,,
6,调料,,,,
4,调查,,,,
5,调皮,,,,
6,调节,,,,
6,调解,,,,
6,谅解,,,,
4,谈,,,,
5,谈判,,,,
6,谋求,,,,
6,谜语,,,,
6,谢绝,,,,
1,谢谢,,,,
6,谣言,,,,
5,谦虚,,,,
6,谦逊,,,,
5,谨慎,,,,
6,谴责,,,,
5,豆腐,,,,
5,象征,xiàngzhēng ,"emblem, symbol, token, badge, to symbolize, to signify, to stand for",,Referred to in HSK 5 lesson 16 Application.
5,象棋,,,,
5,豪华,,,,
6,豪迈,,,,
6,贝壳,,,,
6,负担,,,,
4,负责,,,,
5,贡献,,,,
5,财产,,,,
6,财务,,,,
6,财富,,,,
6,财政,,,,
4,责任,,,,
5,责备,,,,
6,责怪,,,,
6,贤惠,,,,
6,败坏,,,,
5,账户,,,,
6,货币,,,,
4,质量,,,,
6,贩卖,,,,
6,贪婪,,,,
6,贪污,,,,
6,贫乏,,,,
6,贫困,,,,
6,贬义,,,,
6,贬低,,,,
4,购物,,,,
6,贯彻,,,,
2,贵,,,,
6,贵族,,,,
5,贷款,,,,
5,贸易,,,,
6,贼,,,,
6,贿赂,,,,
6,资产,,,,
6,资助,,,,
5,资料,,,,
6,资本,,,,
5,资格,,,,
6,资深,,,,
5,资源,,,,
5,资金,,,,
6,赋予,,,,
6,赌博,,,,
5,赔偿,,,,
4,赚,,,,
6,赞助,,,,
6,赞叹,,,,
5,赞成,,,,
5,赞美,,,,
6,赠送,,,,
4,赢,,,,
6,赤字,,,,
6,赤道,,,,
2,走,,,,
6,走廊,,,,
6,走漏,,,,
6,走私,,,,
4,赶,,,,
5,赶快,,,,
5,赶紧,,,,
6,起伏,,,,
6,起初,,,,
6,起哄,,,,
2,起床,,,,
3,起来,,,,
6,起源,,,,
6,起码,,,,
6,起草,,,,
3,起飞,,,,
5,趁,,,,
3,超市,,,,
5,超级,chāojí ,"super-, ultra-, hyper-",,Not covered.
6,超越,,,,
4,超过,,,,
3,越,,,,
5,趋势,,,,
4,趟,,,,
6,趣味,,,,
6,足以,,,,
6,趴,,,,
6,跌,,,,
2,跑步,,,,
4,距离,,,,
6,践踏,,,,
3,跟,,,,
6,跟前,,,,
6,跟踪,,,,
6,跟随,,,,
6,跨,,,,
6,跪,,,,
2,路,,,,
2,跳舞,,,,
6,跳跃,,,,
6,踊跃,,,,
6,踏实,,,,
2,踢足球,,,,
5,踩,,,,
6,踪迹,,,,
6,蹦,,,,
6,蹬,,,,
5,蹲,,,,
5,身份,,,,
2,身体,,,,
5,身材,,,,
5,躲藏,,,,
4,躺,,,,
5,车厢,,,,
5,车库,,,,
6,轨道,,,,
4,转,,,,
5,转变,,,,
5,转告,,,,
6,转折,,,,
6,转移,,,,
6,转让,,,,
6,转达,,,,
6,轮廓,,,,
5,轮流,,,,
6,轮胎,,,,
6,轮船,,,,
5,软,,,,
5,软件,,,,
6,轰动,,,,
4,轻,,,,
5,轻易,,,,
4,轻松,,,,
5,轻视,,,,
6,较量,,,,
6,辅助,,,,
5,辅导,,,,
3,辆,,,,
6,辉煌,,,,
6,辐射,fúshè ,radiation,,Not covered.
4,输,,,,
5,输入,,,,
6,辛勤,,,,
4,辛苦,,,,
6,辜负,,,,
5,辞职,,,,
4,辣,,,,
5,辣椒,,,,
6,辨认,,,,
6,辩护,,,,
6,辩解,,,,
5,辩论,,,,
6,辩证,,,,
6,辫子,,,,
6,边境,,,,
6,边界,,,,
6,边疆,,,,
6,边缘,,,,
6,辽阔,,,,
6,巡逻,,,,
5,达到,,,,
6,达成,,,,
6,迁就,,,,
6,迁徙,,,,
6,迄今为止,,,,
5,迅速,,,,
2,过,,,助词,
3,过,,,动词,
6,过于,,,,
5,过分,,,,
3,过去,,,,
6,过失,,,,
6,过奖,,,,
6,过度,,,,
5,过敏,,,,
5,过期,,,,
6,过渡,,,,
6,过滤,,,,
6,过瘾,,,,
4,过程,,,,
6,过问,,,,
6,迈,,,,
5,迎接,,,,
6,迎面,,,,
2,运动,,,,
5,运气,,,,
5,运用,,,,
6,运算,,,,
6,运行,,,,
5,运输,,,,
2,近,,,,
5,近代,,,,
6,近来,,,,
2,还,,,副词,
3,还,,,动词,
6,还原,,,,
3,还是,,,,
1,这,,,,
2,进,,,,
6,进化,,,,
5,进口,,,,
6,进展,,,,
6,进攻,,,,
5,进步,,,,
6,进而,,,,
4,进行,,,,
2,远,,,,
5,违反,,,,
6,违背,,,,
4,连,,,,
6,连同,,,,
6,连年,,,,
5,连忙,,,,
5,连续,,,,
6,连锁,,,,
3,迟到,,,,
5,迟早,,,,
6,迟疑,,,,
6,迟缓,,,,
6,迟钝,,,,
6,迫不及待,,,,
5,迫切,,,,
6,迫害,,,,
6,迷人,,,,
6,迷信,,,,
6,迷惑,,,,
4,迷路,,,,
6,迸发,,,,
6,迹象,,,,
5,追,,,,
6,追悼,,,,
5,追求,,,,
6,追究,,,,
5,退,,,,
5,退休,,,,
5,退步,,,,
2,送,,,,
4,适合,,,,
6,适宜,,,,
4,适应,,,,
5,逃,,,,
5,逃避,,,,
6,逆行,,,,
6,选举,xuǎnjǔ ,"to elect, election",,Not covered.
6,选手,,,,
6,选拔,,,,
3,选择,,,,
5,透明,,,,
6,透露,,,,
6,逐年,,,,
5,逐步,,,,
5,逐渐,,,,
5,递,,,,
6,递增,,,,
6,途径,,,,
5,逗,,,,
6,通俗,,,,
5,通常,,,,
6,通用,,,,
4,通知,,,,
6,通缉,,,,
6,通讯,,,,
6,通货膨胀,,,,
4,通过,,,,
4,逛,,,,
6,逝世,,,,
4,速度,,,,
6,造型,,,,
5,造成,,,,
6,逢,,,,
6,逮捕,,,,
5,逻辑,,,,
6,逼迫,,,,
3,遇到,,,,
4,遍,,,,
6,遍布,,,,
6,遏制,,,,
5,道德,,,,
4,道歉,,,,
5,道理,,,,
6,遗产,,,,
6,遗传,,,,
6,遗失,,,,
5,遗憾,,,,
6,遗留,,,,
6,遥控,,,,
6,遥远,,,,
6,遭受,,,,
6,遭殃,,,,
6,遭遇,,,,
6,遮挡,,,,
5,遵守,,,,
6,遵循,,,,
5,避免,,,,
4,邀请,,,,
1,那,,,,
4,邮局,,,,
3,邻居,,,,
4,郊区,,,,
6,郑重,,,,
6,部位,,,,
4,部分,,,,
6,部署,,,,
5,部门,,,,
1,都,,,,
6,鄙视,,,,
6,配偶,,,,
5,配合,,,,
6,配备,,,,
6,配套,,,,
5,酒吧,,,,
6,酒精,,,,
6,酗酒,,,,
6,酝酿,,,,
5,酱油,,,,
4,酸,,,,
5,醉,,,,
5,醋,,,,
4,醒,,,,
5,采取,,,,
6,采纳,,,,
5,采访,,,,
6,采购,,,,
6,采集,,,,
6,释放,,,,
1,里,,,,
6,里程碑,,,,
4,重,,,,
6,重叠,,,,
5,重复,,,,
5,重大,,,,
6,重心,,,,
4,重新,,,,
4,重点,,,,
4,重视,,,,
3,重要,,,,
5,重量,,,,
6,野心,,,,
6,野蛮,,,,
5,金属,,,,
6,金融,,,,
6,鉴于,,,,
6,鉴别,,,,
6,鉴定,,,,
5,针对,,,,
5,钓,,,,
6,钙,,,,
6,钞票,,,,
5,钢铁,,,,
4,钥匙,,,,
6,钦佩,,,,
6,钩子,,,,
1,钱,,,,
6,钻石,,,,
6,钻研,,,,
5,铃,,,,
2,铅笔,,,,
6,铜,,,,
5,银,,,,
3,银行,,,,
6,铸造,,,,
6,铺,,,,
5,销售,,,,
6,销毁,,,,
5,锁,,,,
5,锅,,,,
6,锋利,,,,
2,错,,,,
4,错误,,,,
6,锤,,,,
6,锦上添花,,,,
5,键盘,,,,
6,锲而不舍,,,,
3,锻炼,,,,
6,镇定,,,,
6,镇静,,,,
6,镜头,,,,
4,镜子,,,,
6,镶嵌,,,,
2,长,,,形容词,
3,长,,,动词,
4,长城,,,,
4,长江,,,,
5,长辈,,,,
5,长途,,,,
2,门,,,,
6,闪烁,,,,
5,闪电,,,,
6,闭塞,,,,
2,问,,,,
6,问世,,,,
5,问候,,,,
2,问题,,,,
5,闯,,,,
6,闲话,,,,
6,间接,,,,
6,间谍,,,,
6,间隔,,,,
5,闻,,,,
4,阅读,,,,
6,阐述,,,,
6,队伍,,,,
6,防守,,,,
6,防御,,,,
6,防止,,,,
6,防治,,,,
4,阳光,,,,
5,阳台,,,,
2,阴,,,,
6,阴谋,,,,
5,阵,,,,
6,阵地,,,,
6,阵容,,,,
6,阶层,,,,
5,阶段,,,,
6,阻拦,,,,
6,阻挠,,,,
5,阻止,,,,
6,阻碍,,,,
3,阿姨,,,,
6,附件,,,,
6,附和,,,,
6,附属,,,,
3,附近,,,,
5,陆地,,,,
5,陆续,,,,
6,陈列,,,,
6,陈旧,,,,
6,陈述,,,,
5,陌生,,,,
6,降临,,,,
4,降低,,,,
4,降落,,,,
5,限制,,,,
6,陡峭,,,,
6,除,,,,
3,除了,,,,
5,除夕,,,,
5,除非,,,,
4,陪,,,,
6,陶瓷,,,,
6,陶醉,,,,
6,陷入,,,,
6,陷害,,,,
6,陷阱,,,,
6,隆重,,,,
4,随便,,,,
6,随即,,,,
6,随意,,,,
5,随手,,,,
5,随时,,,,
4,随着,,,,
5,随身,,,,
6,隐患,,,,
6,隐瞒,,,,
6,隐私,,,,
6,隐约,,,,
6,隐蔽,,,,
5,隔壁,,,,
6,隔离,,,,
6,隔阂,,,,
6,障碍,,,,
6,隧道,,,,
3,难,,,,
5,难免,,,,
4,难受,,,,
6,难堪,,,,
6,难得,,,,
5,难怪,,,,
6,难能可贵,,,,
3,难过,,,,
4,难道,,,,
6,雄伟,,,,
6,雄厚,,,,
5,集中,,,,
5,集体,,,,
5,集合,jíhé ,"to gather, to assemble, set (mathematics)",,Referred to in HSK 5 lesson 35 （二）词语搭配.
6,集团,,,,
6,雇佣,,,,
6,雌雄,,,,
6,雕刻,,,,
6,雕塑,,,,
2,雪,,,,
6,雪上加霜,,,,
2,零,,,,
5,零件,,,,
6,零星,,,,
4,零钱,,,,
5,零食,,,,
5,雷,,,,
6,雷达,,,,
5,雾,,,,
6,需求,,,,
3,需要,,,,
6,震惊,,,,
6,震撼,,,,
6,霞,,,,
6,霸道,,,,
5,青,,,,
5,青少年,,,,
5,青春,qīngchūn ,"youth, youthfulness",,Referred to in HSK 5 lesson 16 Application.
5,非,,,,
2,非常,,,,
6,非法,,,,
5,靠,,,,
6,靠拢,,,,
5,面临,,,,
3,面包,,,,
6,面子,,,,
5,面对,,,,
2,面条,,,,
5,面积,,,,
6,面貌,,,,
6,革命,,,,
6,鞠躬,,,,
5,鞭炮,,,,
6,鞭策,,,,
3,音乐,,,,
6,音响,,,,
4,竟然,,,,
6,章程,,,,
4,页,,,,
5,顶,,,,
5,项,,,,
5,项目,,,,
5,项链,xiàngliàn,necklace,,Not covered.
4,顺便,,,,
4,顺利,,,,
4,顺序,,,,
6,须知,,,,
6,顽固,,,,
6,顽强,,,,
4,顾客,,,,
6,顾虑,,,,
6,顾问,,,,
5,顿,,,,
6,顿时,,,,
6,颁发,,,,
6,颁布,,,,
4,预习,,,,
6,预兆,,,,
6,预先,,,,
5,预报,,,,
6,预料,,,,
6,预期,,,,
6,预算,,,,
6,预言,,,,
5,预订,,,,
5,预防,,,,
6,领事馆,lǐngshìguǎn,consulate,,Not covered.
6,领会,,,,
6,领先,,,,
6,领土,,,,
5,领域,,,,
5,领导,,,,
6,领悟,,,,
6,领袖,,,,
6,颇,,,,
6,颈椎,,,,
6,频率,,,,
6,频繁,,,,
5,频道,,,,
5,颗,,,,
2,题,,,,
6,题材,,,,
5,题目,,,,
2,颜色,,,,
6,额外,,,,
6,颠倒,,,,
6,颠簸,,,,
6,颤抖,,,,
5,风俗,,,,
6,风光,,,,
6,风味,,,,
6,风土人情,,,,
6,风度,,,,
5,风景,,,,
6,风暴,,,,
5,风格,,,,
6,风气,,,,
6,风趣,,,,
5,风险,,,,
5,飘,,,,
6,飘扬,,,,
1,飞机,,,,
6,飞禽走兽,,,,
6,飞翔,,,,
6,飞跃,,,,
5,食物,,,,
4,餐厅,,,,
6,饥饿,,,,
1,饭店,,,,
3,饮料,,,,
6,饮食,,,,
3,饱,,,,
6,饱和,,,,
6,饱经沧桑,,,,
6,饲养,,,,
6,饶恕,,,,
4,饺子,,,,
4,饼干,,,,
3,饿,,,,
6,馅儿,,,,
6,馋,,,,
5,馒头,,,,
5,首,,,,
4,首先,,,,
6,首要,,,,
4,首都,,,,
6,首饰,,,,
4,香,,,,
5,香肠,,,,
3,香蕉,,,,
3,马,,,,
3,马上,,,,
4,马虎,,,,
6,驱逐,,,,
6,驻扎,,,,
5,驾驶,,,,
5,骂,,,,
4,骄傲,,,,
6,验收,,,,
6,验证,,,,
3,骑,,,,
4,骗,,,,
6,骚扰,,,,
5,骨头,,,,
6,骨干,,,,
2,高,,,,
1,高兴,,,,
6,高尚,,,,
6,高峰,,,,
6,高明,,,,
5,高档,,,,
6,高涨,,,,
6,高潮,,,,
5,高级,,,,
6,高超,,,,
4,高速公路,,,,
6,魄力,,,,
5,魅力,,,,
6,魔术,,,,
6,魔鬼,,,,
2,鱼,,,,
6,鲜明,,,,
5,鲜艳,,,,
3,鸟,,,,
2,鸡蛋,,,,
6,鸦雀无声,,,,
6,鸽子,,,,
5,麦克风,,,,
6,麻木,,,,
4,麻烦,,,,
6,麻痹,,,,
6,麻醉,,,,
6,黄昏,,,,
3,黄河,,,,
5,黄金,,,,
6,黎明,,,,
2,黑,,,,
3,黑板,,,,
6,墨水儿,,,,
6,默默,,,,
6,鼓动,,,,
4,鼓励,,,,
5,鼓掌,,,,
5,鼓舞,,,,
5,鼠标,,,,
3,鼻子,,,,
6,鼻涕,,,,
6,齐全,,,,
6,齐心协力,,,,
5,龙,,,,